ISIN,SEDOL,Security Name,Currency,Number of Shares,Percent of Fund,Trade Country Name,Local Price,Sector Classification,Industry Classification,Base Market Value
US71377A1034,BYVYD43,Performance Food Group Co,USD,59005,0.634338,United States,113.090,Consumer Staples,Consumer Staples Distribution & Retail,5831658.500000
US87162W1009,2002554,TD SYNNEX Corporation,USD,24900,0.579075,United States,244.640,Information Technology,Electronic Equipment Instruments & Components,5323605.500000
BMG7496G1033,2728429,RenaissanceRe Holdings Ltd.,USD,17865,0.554134,United States,326.290,Financials,Insurance,5094316.000000
US60855R1005,2212706,Molina Healthcare Inc.,USD,24436,0.533974,United States,229.870,Health Care,Health Care Providers & Services,4908982.500000
US9120081099,BYVFC94,US Foods Holding Corp.,USD,51203,0.507629,United States,104.290,Consumer Staples,Consumer Staples Distribution & Retail,4666778.000000
US7593516047,2731193,Reinsurance Group of America Incorporated,USD,24052,0.505302,United States,221.000,Financials,Insurance,4645393.500000
US5367971034,2515030,Lithia Motors Inc.,USD,16889,0.491654,United States,306.230,Consumer Discretionary,Specialty Retail,4519920.500000
US92556V1061,BMWS3X9,Viatris Inc.,USD,275622,0.437561,United States,16.700,Health Care,Pharmaceuticals,4022624.000000
US36317J2096,BV97X10,Galaxy Digital Inc. Class A,USD,181622,0.424556,United States,24.590,Financials,Capital Markets,3903067.500000
US1910981026,2206721,Coca-Cola Consolidated Inc.,USD,22097,0.410938,United States,195.630,Consumer Staples,Beverages,3777877.300000
US1431301027,2983563,CarMax Inc.,USD,83093,0.402691,United States,50.980,Consumer Discretionary,Specialty Retail,3702059.000000
US8894781033,2896092,Toll Brothers Inc.,USD,26723,0.399190,United States,157.140,Consumer Discretionary,Household Durables,3669872.800000
US69047Q1022,BJ01KB6,Ovintiv Inc,USD,78537,0.395394,United States,52.960,Energy,Oil Gas & Consumable Fuels,3634974.300000
US55616P1049,2345022,Macy's Inc.,USD,178252,0.393972,United States,23.250,Consumer Discretionary,Broadline Retail,3621899.800000
US91529Y1064,2433842,Unum Group,USD,44652,0.391957,United States,92.340,Financials,Insurance,3603378.000000
US72651A2078,BDGHN95,Plains GP Holdings LP Class A,USD,163807,0.380420,United States,24.430,Energy,Oil Gas & Consumable Fuels,3497317.300000
US8618961085,BMQ8XV3,StoneX Group Inc.,USD,32886,0.376865,United States,120.550,Financials,Capital Markets,3464633.800000
US0130911037,BYNQ369,Albertsons Companies Inc. Class A,USD,278549,0.374155,United States,14.130,Consumer Staples,Consumer Staples Distribution & Retail,3439718.000000
US27579R1041,2487407,East West Bancorp Inc.,USD,30048,0.369336,United States,129.300,Financials,Banks,3395417.500000
US02005N1000,B72XK05,Ally Financial Inc,USD,85660,0.369042,United States,45.320,Financials,Consumer Finance,3392712.300000
US88033G4073,B8DMK08,Tenet Healthcare Corporation,USD,19027,0.368478,United States,203.720,Health Care,Health Care Providers & Services,3387529.300000
US4039491000,BMZQ9C1,HF Sinclair Corporation,USD,52664,0.362961,United States,72.500,Energy,Oil Gas & Consumable Fuels,3336805.800000
US6907421019,B1FW7Q2,Owens Corning,USD,25048,0.359692,United States,151.060,Industrials,Building Products,3306751.800000
US48020Q1076,2040640,Jones Lang LaSalle Incorporated,USD,11448,0.356366,United States,327.460,Real Estate,Real Estate Management & Development,3276173.800000
US12008R1077,B0BV2M7,Builders FirstSource Inc.,USD,44197,0.355822,United States,84.690,Industrials,Building Products,3271176.500000
US8545021011,B3Q2FJ4,Stanley Black & Decker Inc.,USD,39560,0.345605,United States,91.900,Industrials,Machinery,3177246.000000
US00130H1059,2002479,AES Corporation,USD,246387,0.341494,United States,14.580,Utilities,Independent Power And Renewable Electricity Producers,3139455.800000
US0427351004,2051404,Arrow Electronics Inc.,USD,18128,0.340315,United States,197.480,Information Technology,Electronic Equipment Instruments & Components,3128614.800000
US2058871029,2215460,Conagra Brands Inc.,USD,244112,0.332772,United States,14.340,Consumer Staples,Food Products,3059267.000000
US9478901096,2945143,Webster Financial Corporation,USD,45467,0.331599,United States,76.720,Financials,Banks,3048484.500000
US5341871094,2516378,Lincoln National Corp,USD,92807,0.326430,United States,37.000,Financials,Insurance,3000969.000000
US9814751064,2469450,World Kinect Corporation,USD,103376,0.326360,United States,33.210,Energy,Oil Gas & Consumable Fuels,3000320.500000
US61945C1036,B3NPHP6,Mosaic Company,USD,162227,0.325860,United States,21.130,Materials,Chemicals,2995723.300000
US69318G1067,B7F4TJ7,PBF Energy Inc. Class A,USD,70869,0.322094,United States,47.810,Energy,Oil Gas & Consumable Fuels,2961107.000000
US3205171057,2341484,First Horizon Corporation,USD,130679,0.319013,United States,25.680,Financials,Banks,2932782.800000
US03743Q1085,BNNF1C1,APA Corporation,USD,102124,0.314155,United States,32.360,Energy,Oil Gas & Consumable Fuels,2888121.300000
US5002551043,2496113,Kohl's Corporation,USD,181407,0.313686,United States,18.190,Consumer Discretionary,Broadline Retail,2883804.500000
US5218652049,B570P91,Lear Corporation,USD,25003,0.311010,United States,130.850,Consumer Discretionary,Automobile Components,2859202.800000
US0718131099,2085102,Baxter International Inc.,USD,139991,0.301423,United States,22.650,Health Care,Health Care Equipment & Supplies,2771069.300000
US9897011071,2989828,Zions Bancorporation NA,USD,44659,0.294417,United States,69.350,Financials,Banks,2706665.000000
US5018892084,2971029,LKQ Corporation,USD,114072,0.287907,United States,26.550,Consumer Discretionary,Distributors,2646809.300000
US0997241064,2111955,BorgWarner Inc.,USD,47582,0.287317,United States,63.520,Consumer Discretionary,Automobile Components,2641388.300000
US84472E1029,BVDCQB2,SouthState Bank Corporation,USD,29628,0.282101,United States,100.160,Financials,Banks,2593437.300000
US37959E1029,BK6YKG1,Globe Life Inc.,USD,16215,0.278213,United States,180.490,Financials,Insurance,2557697.500000
US87724P1066,B832462,Taylor Morrison Home Corporation,USD,40676,0.277865,United States,71.860,Consumer Discretionary,Household Durables,2554491.800000
US1972361026,2176608,Columbia Banking System Inc.,USD,91276,0.275231,United States,31.720,Financials,Banks,2530281.300000
US0538071038,2066505,Avnet Inc.,USD,34807,0.271920,United States,82.180,Information Technology,Electronic Equipment Instruments & Components,2499837.800000
US9139031002,2923785,Universal Health Services Inc. Class B,USD,17671,0.265970,United States,158.330,Health Care,Health Care Providers & Services,2445138.000000
US9252831030,BVV5S84,Versant Media Group Inc. Class A,USD,73656,0.265722,United States,37.950,Communication Services,Media,2442862.300000
US71424F1057,BQPCHB2,Permian Resources Corporation Class A,USD,153228,0.265105,United States,18.200,Energy,Oil Gas & Consumable Fuels,2437185.500000
US9576381092,B0CCGJ4,Western Alliance Bancorp,USD,34181,0.264950,United States,81.540,Financials,Banks,2435760.300000
US6800331075,2658441,Old National Bancorp,USD,106371,0.262908,United States,26.000,Financials,Banks,2416994.500000
US23355L1061,BYXD7B3,DXC Technology Co.,USD,277688,0.261601,United States,9.910,Information Technology,It Services,2404970.800000
US7436061052,2310257,Prosperity Bancshares Inc.(R),USD,38719,0.260963,United States,70.900,Financials,Banks,2399106.000000
US04621X1081,2331430,Assurant Inc.,USD,9791,0.260127,United States,279.480,Financials,Insurance,2391425.500000
US60871R2094,B067BM3,Molson Coors Beverage Company Class B,USD,68351,0.258474,United States,39.780,Consumer Staples,Beverages,2376231.500000
US97650W1080,2425258,Wintrust Financial Corporation,USD,16831,0.257903,United States,161.190,Financials,Banks,2370975.800000
BMG667211046,B9CGTC3,Norwegian Cruise Line Holdings Ltd.,USD,136279,0.256250,United States,19.780,Consumer Discretionary,Hotels Restaurants & Leisure,2355777.800000
US95082P1057,2416973,WESCO International Inc.,USD,8746,0.255984,United States,307.890,Industrials,Trading Companies & Distributors,2353337.000000
US6081901042,2598699,Mohawk Industries Inc.,USD,22296,0.252963,United States,119.350,Consumer Discretionary,Household Durables,2325564.800000
US03852U1060,BH3XG17,Aramark,USD,47017,0.251590,United States,56.290,Consumer Discretionary,Hotels Restaurants & Leisure,2312944.500000
PR7331747001,B86QM90,Popular Inc.,USD,15743,0.250315,United States,167.260,Financials,Banks,2301222.800000
US7835491082,2760669,Ryder System Inc.,USD,10018,0.248292,United States,260.720,Industrials,Ground Transportation,2282624.300000
US3434121022,2696838,Fluor Corporation,USD,52081,0.244824,United States,49.450,Industrials,Construction & Engineering,2250736.800000
US9027881088,2918510,UMB Financial Corporation,USD,17730,0.242368,United States,143.800,Financials,Banks,2228161.800000
US0434361046,2855855,Asbury Automotive Group Inc.,USD,12301,0.240187,United States,205.400,Consumer Discretionary,Specialty Retail,2208106.000000
US00123Q1040,BYYHJL8,AGNC Investment Corp.,USD,228432,0.238868,United States,11.000,Financials,Mortgage Real Estate Investment Trusts (Reits),2195981.500000
US8326964058,2951452,J.M. Smucker Company,USD,21429,0.236873,United States,116.280,Consumer Staples,Food Products,2177639.500000
US05329W1027,2732635,AutoNation Inc.,USD,13366,0.236853,United States,186.410,Consumer Discretionary,Specialty Retail,2177457.800000
US5529531015,2547419,MGM Resorts International,USD,51984,0.232755,United States,47.100,Consumer Discretionary,Hotels Restaurants & Leisure,2139782.500000
US6882392011,2663520,Oshkosh Corp,USD,17071,0.231575,United States,142.700,Industrials,Machinery,2128933.000000
US0152711091,2009210,Alexandria Real Estate Equities Inc.,USD,46186,0.230855,United States,52.580,Real Estate,Health Care Reits,2122315.800000
US2283681060,2427986,Crown Holdings Inc.,USD,21237,0.228714,United States,113.290,Materials,Containers & Packaging,2102634.500000
US3025201019,2041308,F.N.B. Corporation,USD,126206,0.228311,United States,19.030,Financials,Banks,2098929.500000
BMG0692U1099,2677606,Axis Capital Holdings Limited,USD,21054,0.226883,United States,113.360,Financials,Insurance,2085804.300000
US56418H1005,2562490,ManpowerGroup Inc.,USD,61295,0.226023,United States,38.790,Industrials,Professional Services,2077896.400000
US1858991011,BYVZ186,Cleveland-Cliffs Inc,USD,240914,0.225812,United States,9.860,Materials,Metals & Mining,2075955.500000
US2774321002,2298386,Eastman Chemical Company,USD,34217,0.223984,United States,68.860,Materials,Chemicals,2059150.100000
US9290891004,BKWQ2N2,Voya Financial Inc.,USD,24868,0.223091,United States,94.370,Financials,Financial Services,2050944.400000
US59001A1025,2601326,Meritage Homes Corporation,USD,28423,0.221182,United States,81.860,Consumer Discretionary,Household Durables,2033390.100000
US9111631035,2895163,United Natural Foods Inc.,USD,50987,0.220875,United States,45.570,Consumer Staples,Consumer Staples Distribution & Retail,2030568.000000
US7234841010,2048804,Pinnacle West Capital Corp,USD,20925,0.217556,United States,109.370,Utilities,Electric Utilities,2000058.800000
US02376R1023,BCV7KT2,American Airlines Group Inc.,USD,126050,0.214728,United States,17.920,Industrials,Airlines,1974058.000000
US44107P1049,2567503,Host Hotels & Resorts Inc.,USD,96615,0.214457,United States,23.350,Real Estate,Hotel & Resort Reits,1971562.400000
US06417N1037,BZ56Q65,Bank OZK,USD,45053,0.213457,United States,49.840,Financials,Banks,1962369.800000
US05550J1016,BFZNZF8,BJ's Wholesale Club Holdings Inc.,USD,25091,0.212713,United States,89.180,Consumer Staples,Consumer Staples Distribution & Retail,1955530.300000
US05352A1007,BJLT387,Avantor Inc.,USD,215953,0.211859,United States,10.320,Health Care,Life Sciences Tools & Services,1947681.900000
US3886891015,B2Q8249,Graphic Packaging Holding Company,USD,204972,0.211413,United States,10.850,Materials,Containers & Packaging,1943584.300000
US6802231042,2659109,Old Republic International Corporation,USD,52842,0.210325,United States,41.870,Financials,Insurance,1933576.100000
US3989051095,2121352,Group 1 Automotive Inc.,USD,7623,0.208984,United States,288.390,Consumer Discretionary,Specialty Retail,1921255.900000
US37247D1063,B011WL6,Genworth Financial Inc.,USD,228594,0.208832,United States,9.610,Financials,Insurance,1919849.900000
US9197941076,2935326,Valley National Bancorp,USD,148451,0.205895,United States,14.590,Financials,Banks,1892855.600000
US55087P1049,BJT1RW7,Lyft Inc. Class A,USD,139366,0.203629,United States,15.370,Industrials,Ground Transportation,1872016.900000
US0010841023,2010278,AGCO Corporation,USD,18311,0.202772,United States,116.490,Industrials,Machinery,1864145.300000
US8299331004,BQWS627,SiriusXM Holdings Inc.,USD,69690,0.202125,United States,30.510,Communication Services,Media,1858197.000000
US3825501014,2378200,Goodyear Tire & Rubber Company,USD,322144,0.201810,United States,6.590,Consumer Discretionary,Automobile Components,1855301.800000
US12769G1004,BMWWGB0,Caesars Entertainment Inc.,USD,67628,0.195373,United States,30.390,Consumer Discretionary,Hotels Restaurants & Leisure,1796123.900000
US3546131018,2350684,Franklin Resources Inc.,USD,60182,0.195144,United States,34.110,Financials,Capital Markets,1794020.600000
US6742152076,BLDDYB1,Chord Energy Corporation,USD,18021,0.194130,United States,113.320,Energy,Oil Gas & Consumable Fuels,1784697.100000
US80004C2008,BSNPZV3,Sandisk Corporation,USD,1139,0.188941,United States,1745.000,Information Technology,Technology Hardware Storage & Peripherals,1736993.600000
US8064071025,2416962,Henry Schein Inc.,USD,22803,0.187355,United States,86.430,Health Care,Health Care Providers & Services,1722406.100000
US78454L1008,2764188,SM Energy Company,USD,73311,0.187120,United States,26.850,Energy,Oil Gas & Consumable Fuels,1720253.600000
US0708301041,BNNTGJ5,Bath & Body Works Inc.,USD,89634,0.187117,United States,21.960,Consumer Discretionary,Specialty Retail,1720220.600000
US4464131063,B40SSC9,Huntington Ingalls Industries Inc.,USD,6727,0.186409,United States,291.500,Industrials,Aerospace & Defense,1713716.800000
US4990491049,BF0LKD0,Knight-Swift Transportation Holdings Inc. Class A,USD,25627,0.186001,United States,76.350,Industrials,Ground Transportation,1709959.500000
US48666K1097,2485070,KB Home,USD,31704,0.184327,United States,61.160,Consumer Discretionary,Household Durables,1694574.300000
US9099071071,2905794,United Bankshares Inc.,USD,41633,0.183559,United States,46.380,Financials,Banks,1687514.500000
US2298991090,2239556,Cullen/Frost Bankers Inc.,USD,12324,0.181426,United States,154.860,Financials,Banks,1667900.000000
US00766T1007,B1VZ431,AECOM,USD,28081,0.180828,United States,67.740,Industrials,Construction & Engineering,1662404.900000
US29452E1010,BKRMR96,Equitable Holdings Inc.,USD,41483,0.179861,United States,45.610,Financials,Financial Services,1653519.400000
US1508701034,B05MZT4,Celanese Corporation,USD,39508,0.179073,United States,47.680,Materials,Chemicals,1646267.400000
US64828T2015,BRJ9GW0,Rithm Capital Corp.,USD,206918,0.178801,United States,9.090,Financials,Mortgage Real Estate Investment Trusts (Reits),1643770.600000
US42250P1030,BJBLRK3,Healthpeak Properties Inc.,USD,85609,0.178145,United States,21.890,Real Estate,Health Care Reits,1637737.400000
US68268W1036,BYSZB89,OneMain Holdings Inc.,USD,31445,0.177859,United States,59.500,Financials,Consumer Finance,1635112.400000
US7587501039,2730082,Regal Rexnord Corporation,USD,8497,0.176452,United States,218.450,Industrials,Electrical Equipment,1622171.400000
US83088M1027,2961053,Skyworks Solutions Inc.,USD,29236,0.173869,United States,62.560,Information Technology,Semiconductors & Semiconductor Equipment,1598430.500000
US6512291062,2635701,Newell Brands Inc,USD,311729,0.172764,United States,5.830,Consumer Discretionary,Household Durables,1588271.900000
US4571871023,B7K24P7,Ingredion Incorporated,USD,18613,0.172728,United States,97.620,Consumer Staples,Food Products,1587940.500000
US47233W1099,BG0Q4Z2,Jefferies Financial Group Inc.,USD,34529,0.172720,United States,52.620,Financials,Capital Markets,1587866.100000
US4101201097,2415497,Hancock Whitney Corporation,USD,24305,0.172385,United States,74.610,Financials,Banks,1584790.000000
US36262G1013,BNNTGF1,GXO Logistics Inc,USD,34858,0.172146,United States,51.950,Industrials,Air Freight & Logistics,1582585.100000
US6267551025,BCZWJ63,Murphy USA Inc.,USD,3226,0.171966,United States,560.750,Consumer Discretionary,Specialty Retail,1580930.400000
US9633201069,2960384,Whirlpool Corporation,USD,47439,0.171818,United States,38.100,Consumer Discretionary,Household Durables,1579572.500000
US60770K1079,BGSXTS3,Moderna Inc.,USD,22657,0.171789,United States,79.760,Health Care,Biotechnology,1579307.400000
US62955J1034,BN2RYW9,NOV Inc.,USD,100127,0.171520,United States,18.020,Energy,Energy Equipment & Services,1576830.600000
US0259321042,2134532,American Financial Group Inc.,USD,12578,0.170685,United States,142.750,Financials,Insurance,1569158.400000
US7140461093,2305844,Revvity Inc.,USD,15611,0.168822,United States,113.760,Health Care,Life Sciences Tools & Services,1552027.400000
US8354951027,2821395,Sonoco Products Company,USD,30734,0.167761,United States,57.420,Materials,Containers & Packaging,1542273.300000
US6936561009,B3V9F12,PVH Corp.,USD,23421,0.167496,United States,75.230,Consumer Discretionary,Textiles Apparel & Luxury Goods,1539840.000000
US4404521001,2437264,Hormel Foods Corporation,USD,70279,0.167022,United States,25.000,Consumer Staples,Food Products,1535481.800000
US0528001094,2064253,Autoliv Inc.,USD,15048,0.166281,United States,116.240,Consumer Discretionary,Automobile Components,1528669.000000
US46817M1071,BMFX6P4,Jackson Financial Incorporation Class A,USD,16692,0.165771,United States,104.470,Financials,Financial Services,1523979.300000
US1344291091,2162845,Campbell's Company,USD,73939,0.163912,United States,23.320,Consumer Staples,Food Products,1506888.800000
US83444M1018,BMTQB43,Solventum Corporation,USD,21885,0.162836,United States,78.270,Health Care,Health Care Equipment & Supplies,1496997.000000
US1598641074,2604336,Charles River Laboratories International Inc.,USD,7413,0.162566,United States,230.690,Health Care,Life Sciences Tools & Services,1494520.400000
US5764852050,B7MSLL8,Matador Resources Company,USD,34079,0.162564,United States,50.180,Energy,Oil Gas & Consumable Fuels,1494502.300000
US34964C1062,B3MC7D6,Fortune Brands Innovations Inc.,USD,32062,0.162208,United States,53.220,Industrials,Building Products,1491229.800000
US29670G1022,BLCF3J9,Essential Utilities Inc.,USD,42989,0.160931,United States,39.380,Utilities,Water Utilities,1479490.300000
US88023U1016,2216991,Somnigroup International Inc.,USD,21559,0.160738,United States,78.430,Consumer Discretionary,Household Durables,1477712.300000
US8606301021,2849234,Stifel Financial Corp,USD,23064,0.160426,United States,73.170,Financials,Capital Markets,1474846.300000
US0138721065,BYNF418,Alcoa Corporation,USD,34288,0.158672,United States,48.680,Materials,Metals & Mining,1458719.500000
US5132721045,BDQZFJ3,Lamb Weston Holdings Inc.,USD,36294,0.158398,United States,45.910,Consumer Staples,Food Products,1456200.600000
US8851601018,2889876,Thor Industries Inc.,USD,21765,0.158281,United States,76.500,Consumer Discretionary,Automobiles,1455121.300000
US86765Q1067,BWD63P4,SunocoCorp LLC,USD,24162,0.157452,United States,68.550,Energy,Oil Gas & Consumable Fuels,1447502.900000
US68622V1061,BLDC8J4,Organon & Co.,USD,121070,0.155949,United States,13.550,Health Care,Pharmaceuticals,1433688.900000
US4108671052,2020415,Hanover Insurance Group Inc.,USD,7388,0.155641,United States,221.610,Financials,Insurance,1430853.900000
US5528481030,2548616,MGIC Investment Corporation,USD,57574,0.154506,United States,28.230,Financials,Financial Services,1420418.500000
US4128221086,2411053,Harley-Davidson Inc.,USD,65054,0.154357,United States,24.960,Consumer Discretionary,Automobiles,1419049.900000
US3802371076,BWFRFC6,GoDaddy Inc. Class A,USD,18328,0.154211,United States,88.510,Information Technology,It Services,1417707.000000
US0235865062,BP0VMC3,U-Haul Holding Company Series N Non-Voting,USD,27359,0.154202,United States,59.290,Industrials,Ground Transportation,1417623.000000
US2005251036,2213204,Commerce Bancshares Inc.,USD,27876,0.153777,United States,58.030,Financials,Banks,1413715.800000
US72352L1061,BJ2Z0H2,Pinterest Inc. Class A,USD,73183,0.153540,United States,22.070,Communication Services,Interactive Media & Services,1411534.900000
US2017231034,2213260,Commercial Metals Company,USD,26118,0.153265,United States,61.730,Materials,Metals & Mining,1409013.800000
US0185811082,2762030,Bread Financial Holdings Inc.,USD,15685,0.152400,United States,102.210,Financials,Consumer Finance,1401060.800000
US28414H1032,BF5L3T2,Elanco Animal Health Inc.,USD,64009,0.152121,United States,25.000,Health Care,Pharmaceuticals,1398492.500000
US03674X1063,BFD2WR8,Antero Resources Corporation,USD,45130,0.151786,United States,35.380,Energy,Oil Gas & Consumable Fuels,1395411.400000
US2270461096,B0T7Z62,Crocs Inc.,USD,12692,0.151154,United States,125.280,Consumer Discretionary,Textiles Apparel & Luxury Goods,1389603.400000
US1271903049,2159267,CACI International Inc Class A,USD,3162,0.151144,United States,502.830,Industrials,Professional Services,1389511.300000
US4368932004,B17MTL9,Home BancShares Inc.,USD,55111,0.150254,United States,28.680,Financials,Banks,1381327.100000
US04911A1079,BFZ9DB8,Atlantic Union Bankshares Corporation,USD,37374,0.150144,United States,42.260,Financials,Banks,1380314.800000
US00090Q1031,BFWCP81,ADT Inc.,USD,228644,0.148453,United States,6.830,Consumer Discretionary,Diversified Consumer Services,1364770.400000
US09061G1013,2437071,BioMarin Pharmaceutical Inc.,USD,26396,0.148021,United States,58.990,Health Care,Biotechnology,1360804.100000
BMG3198U1027,BFWGXR8,Essent Group Ltd.,USD,24009,0.148010,United States,64.850,Financials,Financial Services,1360702.300000
US31847R1023,B4NFPK4,First American Financial Corporation,USD,22330,0.147488,United States,69.480,Financials,Insurance,1355899.900000
IE00BD845X29,BD845X2,Adient plc,USD,82304,0.146778,United States,18.760,Consumer Discretionary,Automobile Components,1349375.500000
US50155Q1004,BP6JW21,Kyndryl Holdings Incorporation,USD,125147,0.145735,United States,12.250,Information Technology,It Services,1339786.500000
US1011211018,2019479,BXP Inc,USD,22090,0.145567,United States,69.320,Real Estate,Office Reits,1338237.900000
US3647601083,2360326,Gap Inc.,USD,79250,0.145023,United States,19.250,Consumer Discretionary,Specialty Retail,1333242.300000
BMG491BT1088,B28XP76,Invesco Ltd.,USD,56396,0.144804,United States,27.010,Financials,Capital Markets,1331226.500000
US6708371033,2657802,OGE Energy Corp.,USD,30798,0.144747,United States,49.440,Utilities,Electric Utilities,1330699.600000
US9026811052,2910118,UGI Corporation,USD,43242,0.144490,United States,35.150,Utilities,Gas Utilities,1328342.900000
BMG0750C1082,BSFWCF5,Axalta Coating Systems Ltd.,USD,43132,0.143959,United States,35.110,Materials,Chemicals,1323456.000000
US0126531013,2046853,Albemarle Corporation,USD,11117,0.143261,United States,135.560,Materials,Chemicals,1317037.800000
US0162551016,2679204,Align Technology Inc.,USD,8103,0.142134,United States,184.520,Health Care,Health Care Equipment & Supplies,1306677.400000
US74319R1014,BLFGN66,PROG Holdings Inc.,USD,33774,0.141685,United States,44.130,Financials,Consumer Finance,1302553.300000
US8807791038,2884224,Terex Corporation,USD,21818,0.141368,United States,68.160,Industrials,Machinery,1299641.500000
US55305B1017,2549385,M/I Homes Inc.,USD,9462,0.141074,United States,156.840,Consumer Discretionary,Household Durables,1296937.000000
US1033041013,2117232,Boyd Gaming Corporation,USD,16879,0.141040,United States,87.900,Consumer Discretionary,Hotels Restaurants & Leisure,1296625.900000
US2372661015,2250289,Darling Ingredients Inc,USD,26224,0.140924,United States,56.530,Consumer Staples,Food Products,1295558.400000
US9892071054,2989356,Zebra Technologies Corporation Class A,USD,5530,0.140455,United States,267.180,Information Technology,Electronic Equipment Instruments & Components,1291243.500000
US7006581075,2673251,Park National Corporation,USD,7895,0.139911,United States,186.420,Financials,Banks,1286245.000000
US90278Q1085,BMQ60Q1,UFP Industries Inc.,USD,16463,0.139583,United States,89.190,Industrials,Building Products,1283229.100000
US02665T3068,BCF5RR9,American Homes 4 Rent Class A,USD,42994,0.139289,United States,34.080,Real Estate,Residential Reits,1280520.400000
IE00B4Q5ZN47,B4Q5ZN4,Jazz Pharmaceuticals Public Limited Company,USD,5993,0.138707,United States,243.470,Health Care,Pharmaceuticals,1275172.100000
US8873891043,2892807,Timken Company,USD,10483,0.138678,United States,139.160,Industrials,Machinery,1274908.600000
BMG812761002,B3CTNK6,Signet Jewelers Limited,USD,17320,0.138502,United States,84.120,Consumer Discretionary,Specialty Retail,1273286.800000
US0454871056,2055718,Associated Banc-Corp,USD,47476,0.138284,United States,30.640,Financials,Banks,1271282.100000
US3666511072,2372763,Gartner Inc.,USD,10639,0.137870,United States,136.320,Information Technology,It Services,1267475.100000
US03076K1088,2038849,Ameris Bancorp,USD,15697,0.134476,United States,90.120,Financials,Banks,1236280.100000
US00971T1016,2507457,Akamai Technologies Inc.,USD,12469,0.134144,United States,113.170,Information Technology,It Services,1233224.100000
US45765U1034,2475060,Insight Enterprises Inc.,USD,12416,0.133774,United States,113.340,Information Technology,Electronic Equipment Instruments & Components,1229826.800000
US89055F1030,BZ0P3W2,TopBuild Corp.,USD,3441,0.133246,United States,407.343,Consumer Discretionary,Household Durables,1224966.100000
US00508Y1029,2818461,Acuity Inc.,USD,3883,0.132531,United States,359.040,Industrials,Electrical Equipment,1218398.400000
US0082521081,2127899,Affiliated Managers Group Inc.,USD,4032,0.132082,United States,344.600,Financials,Capital Markets,1214268.900000
US0028962076,2004185,Abercrombie & Fitch Co. Class A,USD,14952,0.131363,United States,92.420,Consumer Discretionary,Specialty Retail,1207659.000000
US8163001071,2766173,Selective Insurance Group Inc.,USD,13779,0.131183,United States,100.150,Financials,Insurance,1206001.100000
US0995021062,B5367T7,Booz Allen Hamilton Holding Corporation Class A,USD,22060,0.130962,United States,62.450,Industrials,Professional Services,1203973.800000
US01973R1014,B4PZ892,Allison Transmission Holdings Inc.,USD,11802,0.130558,United States,116.370,Industrials,Machinery,1200261.100000
US37637Q1058,2370585,Glacier Bancorp Inc.,USD,26322,0.129565,United States,51.780,Financials,Banks,1191132.300000
US6494454001,BT6MM39,Flagstar Bank National Association,USD,93114,0.129145,United States,14.590,Financials,Banks,1187269.600000
US3602711000,2356585,Fulton Financial Corporation,USD,56249,0.128920,United States,24.110,Financials,Banks,1185198.500000
US75281A1097,2523334,Range Resources Corporation,USD,35744,0.128475,United States,37.810,Energy,Oil Gas & Consumable Fuels,1181106.100000
US76169C1009,BC9ZHL9,Rexford Industrial Realty Inc.,USD,39431,0.128233,United States,34.210,Real Estate,Industrial Reits,1178880.900000
GB00BFMBMT84,BFMBMT8,Sensata Technologies Holding PLC,USD,29567,0.127437,United States,45.340,Industrials,Electrical Equipment,1171568.900000
US78442P1066,2101967,SLM Corp,USD,52202,0.127038,United States,25.600,Financials,Consumer Finance,1167901.400000
US12653C1080,BF3FTF4,CNX Resources Corporation,USD,39440,0.126875,United States,33.840,Energy,Oil Gas & Consumable Fuels,1166396.900000
US10922N1037,BF429K9,Brighthouse Financial Inc.,USD,20815,0.126658,United States,64.010,Financials,Insurance,1164403.000000
US7502361014,2173911,Radian Group Inc.,USD,35063,0.126460,United States,37.940,Financials,Financial Services,1162587.000000
US29261A1007,BYX2YJ7,Encompass Health Corporation,USD,12491,0.126413,United States,106.460,Health Care,Health Care Providers & Services,1162151.500000
US8086251076,BDTZZG7,Science Applications International Corp.,USD,11964,0.126198,United States,110.960,Industrials,Professional Services,1160170.800000
BMG0585R1060,B00V7H8,Assured Guaranty Ltd.,USD,15788,0.125575,United States,83.670,Financials,Insurance,1154452.300000
US6011371027,BRCFZ51,Millrose Properties Inc Class A,USD,44303,0.125378,United States,29.770,Real Estate,Specialized Reits,1152633.000000
US09739D1000,B9BP4R1,Boise Cascade Co.,USD,17343,0.125183,United States,75.930,Industrials,Trading Companies & Distributors,1150844.500000
US21874C1027,BNXKS92,Core & Main Inc. Class A,USD,29252,0.124940,United States,44.930,Industrials,Trading Companies & Distributors,1148605.900000
US7365088472,B125XQ6,Portland General Electric Company,USD,24924,0.124911,United States,52.720,Utilities,Electric Utilities,1148344.600000
US00751Y1064,2822019,Advance Auto Parts Inc.,USD,21285,0.124500,United States,61.530,Consumer Discretionary,Specialty Retail,1144562.900000
US12621E1038,2657750,CNO Financial Group Inc.,USD,24945,0.124329,United States,52.430,Financials,Insurance,1142990.000000
BMG9618E1075,2339252,White Mountains Insurance Group Ltd,USD,598,0.123575,United States,2173.810,Financials,Insurance,1136061.500000
US45073V1089,BZBY209,ITT Inc.,USD,6924,0.122954,United States,186.800,Industrials,Machinery,1130350.300000
US65336K1034,2949758,Nexstar Media Group Inc.,USD,7128,0.122707,United States,181.090,Communication Services,Media,1128083.400000
US23918K1088,2898087,DaVita Inc.,USD,5489,0.122575,United States,234.910,Health Care,Health Care Providers & Services,1126870.000000
US01741R1023,2526117,ATI Inc,USD,6849,0.122468,United States,188.100,Industrials,Aerospace & Defense,1125887.600000
US1331311027,2166320,Camden Property Trust,USD,10974,0.122317,United States,117.250,Real Estate,Residential Reits,1124493.400000
US85571B1052,B3PQ520,Starwood Property Trust Inc.,USD,77294,0.121091,United States,16.480,Financials,Mortgage Real Estate Investment Trusts (Reits),1113222.600000
US7802871084,2755706,Royal Gold Inc.,USD,6240,0.121088,United States,204.130,Materials,Metals & Mining,1113193.100000
US1844961078,2202473,Clean Harbors Inc.,USD,4343,0.120223,United States,291.200,Industrials,Commercial Services & Supplies,1105249.400000
US57638P1049,BPDJN76,MasterBrand Inc,USD,127801,0.120033,United States,9.880,Industrials,Building Products,1103494.800000
US7512121010,B4V9661,Ralph Lauren Corporation Class A,USD,3164,0.119775,United States,398.220,Consumer Discretionary,Textiles Apparel & Luxury Goods,1101130.000000
US90984P3038,2862156,United Community Banks Inc.,USD,35467,0.119657,United States,35.490,Financials,Banks,1100042.800000
US7374461041,B6T0518,Post Holdings Inc.,USD,13520,0.119245,United States,92.780,Consumer Staples,Food Products,1096251.400000
US9182041080,2928683,V.F. Corporation,USD,76932,0.119207,United States,16.300,Consumer Discretionary,Textiles Apparel & Luxury Goods,1095906.900000
US1280302027,2158781,Cal-Maine Foods Inc.,USD,14936,0.119054,United States,83.850,Consumer Staples,Food Products,1094501.600000
US3397501012,BYQHP96,Floor & Decor Holdings Inc. Class A,USD,21211,0.119046,United States,59.040,Consumer Discretionary,Specialty Retail,1094426.400000
US5962781010,2590930,Middleby Corporation,USD,7112,0.118396,United States,175.120,Industrials,Machinery,1088445.100000
US02156K1034,BDRY7P9,Optimum Communications Inc. Class A,USD,1070967,0.118098,United States,1.160,Communication Services,Media,1085708.300000
US70959W1036,2943523,Penske Automotive Group Inc.,USD,6914,0.117926,United States,179.420,Consumer Discretionary,Specialty Retail,1084124.800000
US6267171022,2611206,Murphy Oil Corporation,USD,38713,0.117323,United States,31.880,Energy,Oil Gas & Consumable Fuels,1078584.500000
US8270481091,2809324,Silgan Holdings Inc.,USD,26547,0.117071,United States,46.390,Materials,Containers & Packaging,1076264.300000
US9264001028,BNNTGH3,Victoria's Secret & Company,USD,16003,0.116697,United States,76.710,Consumer Discretionary,Specialty Retail,1072833.800000
US74164M1080,B50K3X8,Primerica Inc.,USD,4124,0.116458,United States,297.060,Financials,Insurance,1070636.100000
US42704L1044,BZBZ020,Herc Holdings Inc.,USD,9074,0.116373,United States,134.910,Industrials,Trading Companies & Distributors,1069847.900000
US9598021098,B1F76F9,Western Union Company,USD,152798,0.116348,United States,8.010,Financials,Financial Services,1069619.400000
US85208M1027,BCGCR79,Sprouts Farmers Market Inc.,USD,13605,0.116321,United States,89.940,Consumer Staples,Consumer Staples Distribution & Retail,1069376.300000
US05465C1009,BGK38H3,Axos Financial Inc.,USD,12476,0.116109,United States,97.900,Financials,Banks,1067424.500000
US6819361006,2043274,Omega Healthcare Investors Inc.,USD,24602,0.115533,United States,49.400,Real Estate,Health Care Reits,1062127.000000
US9508101014,2953782,WesBanco Inc.,USD,30647,0.115486,United States,39.640,Financials,Banks,1061697.100000
US75970E1073,2670809,Renasant Corporation,USD,28241,0.115386,United States,42.980,Financials,Banks,1060780.500000
US3030751057,2329770,FactSet Research Systems Inc.,USD,4848,0.115257,United States,250.090,Financials,Capital Markets,1059590.400000
US4538361084,2447821,Independent Bank Corp.,USD,14393,0.115178,United States,84.180,Financials,Banks,1058861.900000
US48242W1062,B1HHB18,KBR Inc.,USD,33271,0.115158,United States,36.410,Industrials,Professional Services,1058682.300000
BMG2717C1064,BQ3R8B6,Cushman & Wakefield Ltd.,USD,86370,0.114865,United States,13.990,Real Estate,Real Estate Management & Development,1055989.800000
US8175651046,2797560,Service Corporation International,USD,15317,0.114389,United States,78.560,Consumer Discretionary,Diversified Consumer Services,1051608.900000
US0383361039,2045247,AptarGroup Inc.,USD,9455,0.114131,United States,126.980,Materials,Containers & Packaging,1049242.600000
US76118Y1047,BFD1TJ6,Resideo Technologies Inc.,USD,39106,0.113979,United States,30.660,Industrials,Building Products,1047839.200000
US69932A2042,BSNMNQ5,Paramount Skydance Corporation Class B,USD,115330,0.113911,United States,10.390,Communication Services,Media,1047217.600000
US67098H1041,BKLKXD2,O-I Glass Inc,USD,122282,0.113803,United States,9.790,Materials,Containers & Packaging,1046223.000000
US24665A1034,BF5P189,Delek US Holdings Inc,USD,22618,0.113118,United States,52.610,Energy,Oil Gas & Consumable Fuels,1039923.940000
US6361801011,2626103,National Fuel Gas Company,USD,14991,0.113066,United States,79.340,Utilities,Gas Utilities,1039445.800000
US4590441030,2243911,International Bancshares Corporation,USD,15519,0.111973,United States,75.900,Financials,Banks,1029401.060000
US6374171063,2211811,NNN REIT Inc.,USD,24744,0.111801,United States,47.530,Real Estate,Retail Reits,1027819.300000
US00402L1070,BN7K304,Academy Sports and Outdoors Inc.,USD,24465,0.111261,United States,47.840,Consumer Discretionary,Specialty Retail,1022858.250000
US8826811098,B033TJ7,Texas Roadhouse Inc.,USD,6016,0.111108,United States,194.280,Consumer Discretionary,Hotels Restaurants & Leisure,1021445.000000
US1170431092,2149309,Brunswick Corporation,USD,14736,0.110792,United States,79.090,Consumer Discretionary,Leisure Products,1018545.100000
US9807451037,2948089,Woodward Inc.,USD,2787,0.110750,United States,418.020,Industrials,Aerospace & Defense,1018153.060000
US49427F1084,2495529,Kilroy Realty Corporation,USD,29563,0.110502,United States,39.320,Real Estate,Office Reits,1015876.800000
US0009571003,2024901,ABM Industries Incorporated,USD,26254,0.110487,United States,44.270,Industrials,Commercial Services & Supplies,1015743.600000
US73278L1052,2781585,Pool Corporation,USD,5295,0.110471,United States,219.470,Consumer Discretionary,Distributors,1015594.200000
IE00BDVJJQ56,BDVJJQ5,nVent Electric plc,USD,7587,0.109736,United States,152.150,Industrials,Electrical Equipment,1008837.200000
US5502411037,BMDH249,Lumen Technologies Inc.,USD,178694,0.109227,United States,6.430,Communication Services,Diversified Telecommunication Services,1004153.250000
US9026531049,2727910,UDR Inc.,USD,27883,0.108914,United States,41.090,Real Estate,Residential Reits,1001278.100000
US3202091092,2352806,First Financial Bancorp.,USD,33201,0.108540,United States,34.390,Financials,Banks,997843.400000
US69888T2078,BJH08C3,Par Pacific Holdings Inc,USD,19478,0.108301,United States,58.490,Energy,Oil Gas & Consumable Fuels,995646.200000
US1491501045,2264235,Cathay General Bancorp,USD,18271,0.108225,United States,62.310,Financials,Banks,994945.200000
US8010561020,B92RRW2,Sanmina Corporation,USD,5136,0.107300,United States,219.770,Information Technology,Electronic Equipment Instruments & Components,986444.100000
GB00BD9G2S12,BD9G2S1,Gates Industrial Corporation plc,USD,42200,0.107070,United States,26.690,Industrials,Machinery,984328.560000
US0239391016,BMZLFJ5,Amentum Holdings Inc.,USD,52857,0.106725,United States,21.240,Industrials,Professional Services,981151.500000
US27627N1054,BMXL9H3,Eastern Bankshares Inc.,USD,50006,0.106292,United States,22.360,Financials,Banks,977176.400000
US29414B1044,B44Z3T8,EPAM Systems Inc.,USD,12592,0.105661,United States,88.270,Information Technology,It Services,971374.940000
US7416231022,BNDXX18,Primo Brands Corporation Class A,USD,44167,0.105049,United States,25.020,Consumer Staples,Beverages,965749.000000
US36467W1099,B0LLFT5,GameStop Corp. Class A,USD,48406,0.105008,United States,22.820,Consumer Discretionary,Specialty Retail,965370.200000
US6247561029,2609717,Mueller Industries Inc.,USD,19488,0.104670,United States,56.500,Industrials,Machinery,962265.200000
US00790R1041,BP7RS59,Advanced Drainage Systems Inc.,USD,7219,0.104434,United States,152.180,Industrials,Building Products,960093.800000
US9831341071,2963811,Wynn Resorts Limited,USD,11437,0.104276,United States,95.910,Consumer Discretionary,Hotels Restaurants & Leisure,958639.060000
US0341641035,2274922,Andersons Inc.,USD,16463,0.103760,United States,66.300,Consumer Staples,Consumer Staples Distribution & Retail,953897.250000
US32055Y2019,B4RGHN0,First Interstate BancSystem Inc.,USD,27823,0.103548,United States,39.150,Financials,Banks,951951.440000
US8910921084,2897040,Toro Company,USD,11214,0.103490,United States,97.080,Industrials,Machinery,951413.700000
US92552V1008,2946243,ViaSat Inc.,USD,13102,0.103452,United States,83.060,Information Technology,Communications Equipment,951061.500000
US5339001068,2516851,Lincoln Electric Holdings Inc.,USD,4202,0.103230,United States,258.430,Industrials,Machinery,949025.800000
US7045511000,BDVPZV0,Peabody Energy Corporation,USD,48444,0.102696,United States,22.300,Energy,Oil Gas & Consumable Fuels,944112.900000
US34354P1057,2288406,Flowserve Corporation,USD,14912,0.102547,United States,72.340,Industrials,Machinery,942743.250000
US94419L1017,BQXZP64,Wayfair Inc. Class A,USD,11385,0.102276,United States,94.500,Consumer Discretionary,Specialty Retail,940251.250000
US1565043007,BN7ZZ47,Century Communities Inc.,USD,15363,0.102216,United States,69.990,Consumer Discretionary,Household Durables,939704.000000
US32051X1081,BDC6HG1,First Hawaiian Inc.,USD,35819,0.102049,United States,29.970,Financials,Banks,938165.060000
US9293281021,2940375,WSFS Financial Corporation,USD,13882,0.101838,United States,77.170,Financials,Banks,936223.600000
US10950A1060,BPJM8Q3,BrightSpring Health Services Inc.,USD,15445,0.101352,United States,69.030,Health Care,Health Care Providers & Services,931761.700000
US5770811025,2572303,Mattel Inc.,USD,79670,0.101032,United States,13.340,Consumer Discretionary,Leisure Products,928816.060000
US1270551013,2162500,Cabot Corporation,USD,12300,0.100966,United States,86.350,Materials,Chemicals,928210.500000
IE00B56GVS15,B3P6D26,Alkermes Public Limited Company,USD,19417,0.100745,United States,54.580,Health Care,Biotechnology,926178.600000
US7075691094,2682105,PENN Entertainment Inc.,USD,48067,0.100594,United States,22.015,Consumer Discretionary,Hotels Restaurants & Leisure,924793.500000
US30161Q1040,2576941,Exelixis Inc.,USD,18937,0.100541,United States,55.850,Health Care,Biotechnology,924300.940000
US03820C1053,2086309,Applied Industrial Technologies Inc.,USD,3189,0.100298,United States,330.850,Industrials,Trading Companies & Distributors,922071.800000
US23345M1071,BN7L880,DT Midstream Inc.,USD,7292,0.100229,United States,144.590,Energy,Oil Gas & Consumable Fuels,921433.440000
US4884011002,B52KRV2,Kemper Corp,USD,36501,0.100036,United States,28.830,Financials,Insurance,919662.440000
US06652K1034,B3NNTZ4,BankUnited Inc.,USD,21559,0.099542,United States,48.570,Financials,Banks,915115.250000
US7818462092,2966876,Rush Enterprises Inc. Class A,USD,14230,0.098966,United States,73.160,Industrials,Trading Companies & Distributors,909824.600000
US88224Q1076,2977209,Texas Capital Bancshares Inc.,USD,9997,0.098788,United States,103.950,Financials,Banks,908182.750000
US4262811015,2469193,Jack Henry & Associates Inc.,USD,7066,0.098654,United States,146.870,Financials,Financial Services,906955.060000
US9202531011,2926825,Valmont Industries Inc.,USD,1864,0.098406,United States,555.350,Industrials,Construction & Engineering,904673.200000
US8318652091,2816023,A. O. Smith Corporation,USD,16487,0.098300,United States,62.720,Industrials,Building Products,903705.100000
US3687361044,B6197Q2,Generac Holdings Inc.,USD,4091,0.098259,United States,252.660,Industrials,Electrical Equipment,903327.060000
US9290421091,2933632,Vornado Realty Trust,USD,25469,0.098250,United States,40.580,Real Estate,Office Reits,903239.750000
US7703231032,2110703,Robert Half Inc.,USD,30764,0.097912,United States,33.480,Industrials,Professional Services,900134.250000
US1096411004,2193544,Brinker International Inc.,USD,5764,0.097374,United States,177.710,Consumer Discretionary,Hotels Restaurants & Leisure,895189.440000
US82846H4056,BRDY9L1,QXO Inc.,USD,63153,0.097316,United States,16.210,Industrials,Trading Companies & Distributors,894655.900000
US55306N1046,2404871,MKS Inc.,USD,2794,0.097094,United States,365.560,Information Technology,Semiconductors & Semiconductor Equipment,892614.900000
US4511071064,2296937,IDACORP Inc.,USD,6603,0.097010,United States,154.550,Utilities,Electric Utilities,891845.000000
US1266001056,2160645,CVB Financial Corp.,USD,44701,0.096928,United States,22.810,Financials,Banks,891090.000000
US3719011096,2366799,Gentex Corporation,USD,41356,0.096358,United States,24.510,Consumer Discretionary,Automobile Components,885851.440000
US0921131092,2101741,Black Hills Corporation,USD,13708,0.096157,United States,73.790,Utilities,Multi-Utilities,883996.800000
US1442851036,2177504,Carpenter Technology Corporation,USD,1693,0.096120,United States,597.240,Industrials,Aerospace & Defense,883659.400000
US26969P1084,2191399,Eagle Materials Inc.,USD,4588,0.096017,United States,220.150,Materials,Construction Materials,882716.300000
BMG3922B1072,B23DBK6,Genpact Limited,USD,34563,0.095612,United States,29.100,Industrials,Professional Services,878989.100000
US7310681025,2692933,Polaris Inc.,USD,15921,0.095531,United States,63.120,Consumer Discretionary,Leisure Products,878246.440000
US20602D1019,BNKVVY4,Concentrix Corporation,USD,42475,0.095291,United States,23.600,Industrials,Professional Services,876041.060000
US9388241096,2941981,WaFd Inc.,USD,26139,0.095268,United States,38.340,Financials,Banks,875830.700000
US8448951025,2831888,Southwest Gas Holdings Inc.,USD,11145,0.095151,United States,89.810,Utilities,Gas Utilities,874749.750000
US2576511099,2276467,Donaldson Company Inc.,USD,11223,0.095049,United States,89.090,Industrials,Machinery,873810.000000
US0084921008,2062161,Agree Realty Corporation,USD,12830,0.094901,United States,77.810,Real Estate,Retail Reits,872451.200000
US8793691069,2881407,Teleflex Incorporated,USD,7442,0.094792,United States,133.990,Health Care,Health Care Equipment & Supplies,871447.250000
US57667L1070,BK80XH9,Match Group Inc.,USD,26246,0.094561,United States,37.900,Communication Services,Interactive Media & Services,869323.440000
US0936711052,2105505,H&R Block Inc.,USD,24521,0.093334,United States,40.040,Consumer Discretionary,Diversified Consumer Services,858047.440000
US11120U1051,BFTDJL8,Brixmor Property Group Inc.,USD,31298,0.092828,United States,31.200,Real Estate,Retail Reits,853395.300000
US2189371006,BR1Z682,Core Natural Resources Inc.,USD,12254,0.092423,United States,79.340,Energy,Oil Gas & Consumable Fuels,849667.750000
PR3186727065,2296926,First Bancorp,USD,36920,0.092410,United States,26.330,Financials,Banks,849555.200000
US88162G1031,2883890,Tetra Tech Inc.,USD,32353,0.091959,United States,29.900,Industrials,Commercial Services & Supplies,845404.940000
US02553E1064,2048592,American Eagle Outfitters Inc.,USD,58532,0.091586,United States,16.460,Consumer Discretionary,Specialty Retail,841980.900000
US6153942023,2601218,Moog Inc. Class A,USD,2308,0.091583,United States,417.420,Industrials,Aerospace & Defense,841953.560000
US3208171096,2342410,First Merchants Corporation,USD,22032,0.090981,United States,43.440,Financials,Banks,836416.900000
US2296631094,B6SW913,CubeSmart,USD,23325,0.090866,United States,40.980,Real Estate,Specialized Reits,835358.060000
US57164Y1073,B45K9N8,Marriott Vacations Worldwide Corporation,USD,9523,0.090754,United States,100.250,Consumer Discretionary,Hotels Restaurants & Leisure,834328.800000
US2561631068,BFYT7B7,DocuSign Inc.,USD,20857,0.090749,United States,45.770,Information Technology,Software,834280.000000
US6877931096,BKY83Q6,Oscar Health Inc. Class A,USD,29503,0.090253,United States,32.180,Financials,Insurance,829719.500000
US3795772082,B7D65M0,Globus Medical Inc Class A,USD,11845,0.090216,United States,80.120,Health Care,Health Care Equipment & Supplies,829382.900000
US4433201062,2407632,Hub Group Inc. Class A,USD,21031,0.089846,United States,44.940,Industrials,Air Freight & Logistics,825984.750000
US2227955026,BJP0MF6,Cousins Properties Incorporated,USD,30420,0.089819,United States,31.060,Real Estate,Office Reits,825733.200000
US16115Q3083,B19HNF4,Chart Industries Inc.,USD,4512,0.089524,United States,208.720,Industrials,Machinery,823023.440000
US3024913036,2328603,FMC Corporation,USD,82619,0.089142,United States,11.350,Materials,Chemicals,819511.200000
US2674751019,2289841,Dycom Industries Inc.,USD,2137,0.088930,United States,437.760,Industrials,Construction & Engineering,817560.060000
IE00BLNN3691,BLNN369,Weatherford International plc,USD,11262,0.088870,United States,83.010,Energy,Energy Equipment & Services,817005.560000
US6005441000,2594222,MillerKnoll Inc.,USD,43463,0.088501,United States,21.420,Industrials,Commercial Services & Supplies,813613.700000
US74386T1051,2171603,Provident Financial Services Inc.,USD,39540,0.088481,United States,23.540,Financials,Banks,813433.800000
US29977A1051,B1BHXZ2,Evercore Inc. Class A,USD,2711,0.088303,United States,342.640,Financials,Capital Markets,811795.560000
US8290731053,2809250,Simpson Manufacturing Co. Inc.,USD,4596,0.087696,United States,200.720,Industrials,Building Products,806212.900000
US09073M1045,BSHZ3Q0,Bio-Techne Corporation,USD,12995,0.087499,United States,70.830,Health Care,Life Sciences Tools & Services,804401.000000
US87256C1018,BQBBFD1,TKO Group Holdings Inc. Class A,USD,4731,0.087438,United States,194.420,Communication Services,Entertainment,803846.200000
US7005171050,BYVMVV0,Park Hotels & Resorts Inc.,USD,63513,0.087063,United States,14.420,Real Estate,Hotel & Resort Reits,800399.700000
US05368V1061,BMHWY55,Avient Corporation,USD,24373,0.086445,United States,37.310,Materials,Chemicals,794718.440000
US7841171033,2793610,SEI Investments Company,USD,9906,0.086098,United States,91.430,Financials,Capital Markets,791527.600000
US3434981011,2744243,Flowers Foods Inc.,USD,104889,0.086050,United States,8.630,Consumer Staples,Food Products,791078.940000
US0476491081,BDHF495,Atkore Inc,USD,12962,0.085280,United States,69.210,Industrials,Electrical Equipment,784006.940000
US74736K1016,BR9YYP4,Qorvo Inc.,USD,10233,0.085186,United States,87.570,Information Technology,Semiconductors & Semiconductor Equipment,783136.400000
FR0013467479,BKPR6S5,Constellium SE Class A,USD,30132,0.084472,United States,29.490,Materials,Metals & Mining,776572.100000
US0396531008,BGPZ5W8,Arcosa Inc.,USD,6120,0.084341,United States,144.970,Industrials,Construction & Engineering,775369.300000
US6655313079,BN6RJM0,Northern Oil and Gas Inc.,USD,49392,0.084281,United States,17.950,Energy,Oil Gas & Consumable Fuels,774818.800000
US83443Q1031,BW2K5V7,Solstice Advanced Materials Inc.,USD,11052,0.084250,United States,80.190,Materials,Chemicals,774533.440000
US4778391049,B3BRJZ8,JBT Marel Corporation,USD,6071,0.084162,United States,145.830,Industrials,Machinery,773724.200000
US96208T1043,B8383P2,WEX Inc.,USD,6023,0.083869,United States,146.480,Financials,Financial Services,771028.200000
US8117078019,BH65L93,Seacoast Banking Corporation of Florida,USD,26435,0.083632,United States,33.280,Financials,Banks,768850.060000
US8941641024,BMXYT16,Travel + Leisure Co.,USD,11477,0.083562,United States,76.590,Consumer Discretionary,Hotels Restaurants & Leisure,768209.200000
US3137451015,BN7P9B2,Federal Realty Investment Trust,USD,7203,0.083325,United States,121.690,Real Estate,Retail Reits,766032.900000
US9288811014,BH4GV32,Vontier Corp,USD,30575,0.083185,United States,28.620,Information Technology,Electronic Equipment Instruments & Components,764742.400000
US89214P1093,B018PR4,TowneBank,USD,23982,0.083098,United States,36.450,Financials,Banks,763944.900000
US78709Y1055,2982399,Saia Inc.,USD,2094,0.082946,United States,416.690,Industrials,Ground Transportation,762550.800000
US6806652052,2658526,Olin Corporation,USD,43517,0.082902,United States,20.040,Materials,Chemicals,762141.750000
US9713781048,BMHL0Z4,WillScot Holdings Corporation Class A,USD,32680,0.082823,United States,26.660,Industrials,Construction & Engineering,761414.700000
US29358P1012,B1YWPP8,Ensign Group Inc.,USD,5173,0.082723,United States,168.220,Health Care,Health Care Providers & Services,760499.900000
US0316521006,2242929,Amkor Technology Inc.,USD,12491,0.082704,United States,69.650,Information Technology,Semiconductors & Semiconductor Equipment,760321.750000
US03064D1081,B3SKZK7,Americold Realty Trust Inc.,USD,53541,0.082657,United States,16.240,Real Estate,Industrial Reits,759891.440000
US5128161099,BSPHGN6,Lamar Advertising Company Class A,USD,5496,0.082319,United States,157.560,Real Estate,Specialized Reits,756783.600000
US5779331041,2018669,MAXIMUS Inc.,USD,15510,0.082199,United States,55.750,Industrials,Professional Services,755676.200000
US68235P1084,BJ0KXV4,ONE Gas Inc.,USD,11056,0.081264,United States,77.320,Utilities,Gas Utilities,747083.200000
US84857L1017,BYXJQG9,Spire Inc.,USD,10706,0.081093,United States,79.680,Utilities,Gas Utilities,745513.700000
US92839U2069,B4N0JJ6,Visteon Corporation,USD,8325,0.081078,United States,102.450,Consumer Discretionary,Automobile Components,745375.700000
US49714P1084,BD1MGQ3,Kinsale Capital Group Inc.,USD,2391,0.080655,United States,354.850,Financials,Insurance,741486.800000
US65341B1061,BNGY4Q0,XPLR Infrastructure LP,USD,68334,0.080225,United States,12.350,Utilities,Independent Power And Renewable Electricity Producers,737535.440000
US3846371041,BGM1B98,Graham Holdings Co. Class B,USD,709,0.079751,United States,1183.270,Consumer Discretionary,Diversified Consumer Services,733177.600000
US85254J1025,B64BRQ5,STAG Industrial Inc.,USD,21420,0.079739,United States,39.160,Real Estate,Industrial Reits,733062.900000
US88146M1018,B3N4753,Terreno Realty Corporation,USD,12394,0.079328,United States,67.330,Real Estate,Industrial Reits,729288.200000
US03784Y2000,BXRTX56,Apple Hospitality REIT Inc,USD,49844,0.078845,United States,16.640,Real Estate,Hotel & Resort Reits,724845.100000
US0537741052,B1CL8J2,Avis Budget Group Inc.,USD,5073,0.078819,United States,163.440,Industrials,Ground Transportation,724606.600000
US13057Q3056,BMBK002,California Resources Corp,USD,16173,0.078809,United States,51.260,Energy,Oil Gas & Consumable Fuels,724516.440000
US0441861046,BYND5N1,Ashland Inc.,USD,12354,0.078696,United States,67.010,Materials,Chemicals,723479.600000
US49803T3005,BPBSZJ1,Kite Realty Group Trust,USD,28834,0.078613,United States,28.680,Real Estate,Retail Reits,722708.440000
US68404L2016,BKM5C62,Option Care Health Inc,USD,37728,0.078545,United States,21.900,Health Care,Health Care Providers & Services,722082.750000
US64361Q1013,BW0WZZ9,Viper Energy Inc.,USD,20262,0.078491,United States,40.750,Energy,Oil Gas & Consumable Fuels,721587.500000
US28035Q1022,BX8ZSB4,Edgewell Personal Care Co.,USD,30170,0.078039,United States,27.210,Consumer Staples,Personal Care Products,717435.560000
US4042511000,2435246,HNI Corporation,USD,19813,0.078032,United States,41.430,Industrials,Commercial Services & Supplies,717371.750000
US2772761019,2455761,EastGroup Properties Inc.,USD,3884,0.078028,United States,211.330,Real Estate,Industrial Reits,717330.750000
US45778Q1076,2007281,Insperity Inc.,USD,18022,0.077728,United States,45.370,Industrials,Professional Services,714579.940000
US6515871076,B01CGF1,NewMarket Corporation,USD,1039,0.077692,United States,786.600,Materials,Chemicals,714247.200000
US2197981051,BM9VY27,QuidelOrtho Corporation,USD,44644,0.077452,United States,18.250,Health Care,Health Care Equipment & Supplies,712041.060000
US28618M1062,BJ1C2K1,Element Solutions Inc,USD,18669,0.077449,United States,43.640,Materials,Chemicals,712007.940000
US8287302009,2810133,Simmons First National Corporation Class A,USD,35549,0.077185,United States,22.840,Financials,Banks,709581.940000
US33829M1018,B85KFY9,Five Below Inc.,USD,4425,0.076739,United States,182.430,Consumer Discretionary,Specialty Retail,705486.300000
US6292093050,BGDW5G5,NMI Holdings Inc.,USD,19529,0.076190,United States,41.040,Financials,Financial Services,700432.750000
US1096961040,2691305,Brink's Company,USD,7892,0.076148,United States,101.500,Industrials,Commercial Services & Supplies,700055.060000
US9170471026,2933438,Urban Outfitters Inc.,USD,11312,0.076048,United States,70.720,Consumer Discretionary,Specialty Retail,699134.500000
US5463471053,2535243,Louisiana-Pacific Corporation,USD,10069,0.075914,United States,79.310,Industrials,Building Products,697900.250000
US2987361092,2320148,Euronet Worldwide Inc.,USD,10341,0.075871,United States,77.180,Financials,Financial Services,697503.500000
US4198701009,2415204,Hawaiian Electric Industries Inc.,USD,58481,0.075774,United States,13.630,Utilities,Electric Utilities,696610.060000
US00187Y1001,BMBPH06,APi Group Corporation,USD,18969,0.075700,United States,41.980,Industrials,Construction & Engineering,695930.600000
US20464U1007,BN770G0,Compass Inc Class A,USD,62962,0.075535,United States,12.620,Real Estate,Real Estate Management & Development,694411.500000
US3596941068,2354664,H.B. Fuller Company,USD,13669,0.075443,United States,58.060,Materials,Chemicals,693574.060000
GB00BMXNWH07,BN2QTL0,Noble Corporation PLC Class A,USD,20883,0.075417,United States,37.990,Energy,Energy Equipment & Services,693332.060000
US81768T1088,BMH0MP5,ServisFirst Bancshares Inc,USD,9154,0.075394,United States,86.640,Financials,Banks,693119.940000
US29275Y1029,B020GQ5,EnerSys,USD,3837,0.075387,United States,206.680,Industrials,Electrical Equipment,693057.560000
US8308301055,2814005,Champion Homes Inc.,USD,9299,0.075360,United States,85.250,Consumer Discretionary,Household Durables,692802.900000
US5006432000,2386849,Korn Ferry,USD,11375,0.075347,United States,69.680,Industrials,Professional Services,692689.500000
US00404A1097,B65VZ37,Acadia Healthcare Company Inc.,USD,24817,0.075281,United States,31.910,Health Care,Health Care Providers & Services,692078.200000
US4988941047,BPLL4V5,Knife River Corporation,USD,9318,0.075186,United States,84.880,Materials,Construction Materials,691205.440000
US7496071074,2719070,RLI Corp.,USD,12648,0.075171,United States,62.520,Financials,Insurance,691066.600000
US1714841087,2194105,Churchill Downs Incorporated,USD,8695,0.075143,United States,90.910,Consumer Discretionary,Hotels Restaurants & Leisure,690812.750000
CA53626N1024,BVDGYR6,Lionsgate Studios Corp.,USD,53816,0.074999,United States,14.660,Communication Services,Entertainment,689484.400000
US42226K1051,BPQWHP8,Healthcare Realty Trust Incorporated Class A,USD,38247,0.074935,United States,20.610,Real Estate,Health Care Reits,688897.250000
US44891N2080,BNDYF48,People Incorporated,USD,16858,0.074920,United States,46.750,Communication Services,Interactive Media & Services,688758.100000
US3029411093,2351449,FTI Consulting Inc.,USD,5127,0.074857,United States,153.590,Industrials,Professional Services,688185.200000
US5150981018,2503994,Landstar System Inc.,USD,3780,0.074817,United States,208.210,Industrials,Ground Transportation,687816.300000
US6460251068,2630513,New Jersey Resources Corporation,USD,13683,0.074779,United States,57.490,Utilities,Gas Utilities,687468.400000
IE00BGH1M568,BGH1M56,Perrigo Co. Plc,USD,71178,0.074565,United States,11.020,Health Care,Pharmaceuticals,685498.440000
US3614481030,2362128,GATX Corporation,USD,4492,0.074160,United States,173.670,Industrials,Trading Companies & Distributors,681778.940000
US1167941087,2616137,Bruker Corporation,USD,12651,0.074130,United States,61.640,Health Care,Life Sciences Tools & Services,681501.060000
US29605J1060,BJLTMN5,ESAB Corporation,USD,8398,0.074069,United States,92.780,Industrials,Machinery,680940.750000
US29472R1086,2563125,Equity LifeStyle Properties Inc.,USD,11737,0.073918,United States,66.250,Real Estate,Residential Reits,679551.000000
US85423L1035,BQPDNZ1,StandardAero Inc.,USD,25683,0.073513,United States,30.110,Industrials,Aerospace & Defense,675827.060000
US2244081046,BNYD4F8,Crane Company,USD,3552,0.073489,United States,217.640,Industrials,Machinery,675601.750000
US78377T1079,B8QV5C9,Ryman Hospitality Properties Inc.,USD,6040,0.073408,United States,127.850,Real Estate,Hotel & Resort Reits,674864.750000
US2937121059,2768889,Enterprise Financial Services Corp,USD,11716,0.073285,United States,65.800,Financials,Banks,673727.600000
US44952J1043,BNR4QY1,Crescent Energy Company Class A,USD,82481,0.073233,United States,9.340,Energy,Oil Gas & Consumable Fuels,673255.440000
US6680743050,B03PGL4,NorthWestern Energy Group Inc.,USD,10794,0.073182,United States,71.320,Utilities,Multi-Utilities,672779.560000
US74164F1030,B1GC200,Primoris Services Corporation,USD,8694,0.072895,United States,88.200,Industrials,Construction & Engineering,670142.700000
KYG4412G1010,B0539H3,Herbalife Ltd.,USD,58433,0.072823,United States,13.110,Consumer Staples,Personal Care Products,669483.560000
US53115L1044,BDCWFT8,Liberty Energy Inc. Class A,USD,32184,0.072785,United States,23.790,Energy,Energy Equipment & Services,669134.600000
US29670E1073,BFFK0X2,Essential Properties Realty Trust Inc.,USD,24528,0.072702,United States,31.180,Real Estate,Diversified Reits,668370.560000
IE0003LFZ4U7,BMCLHR0,Dole Plc,USD,54533,0.072680,United States,14.020,Consumer Staples,Food Products,668169.250000
US7034811015,2672537,Patterson-UTI Energy Inc.,USD,88207,0.072615,United States,8.660,Energy,Energy Equipment & Services,667574.940000
US05379B1070,2942605,Avista Corporation,USD,18448,0.072603,United States,41.400,Utilities,Multi-Utilities,667465.300000
US29357K1034,BRYQ4L1,Enova International Inc,USD,3238,0.072394,United States,235.190,Financials,Consumer Finance,665540.940000
US22410J1060,2231091,Cracker Barrel Old Country Store Inc.,USD,14225,0.072346,United States,53.500,Consumer Discretionary,Hotels Restaurants & Leisure,665097.200000
US23204G1004,B6XHXY4,Customers Bancorp Inc.,USD,9782,0.072262,United States,77.710,Financials,Banks,664329.600000
US69349H1077,2707826,TXNM Energy Inc.,USD,13349,0.072256,United States,56.940,Utilities,Electric Utilities,664270.940000
US91879Q1094,2954194,Vail Resorts Inc.,USD,5389,0.072069,United States,140.680,Consumer Discretionary,Hotels Restaurants & Leisure,662551.440000
US03937C1053,BLTFST7,ArcBest Corporation,USD,5420,0.071963,United States,139.670,Industrials,Ground Transportation,661578.700000
US4312841087,2420640,Highwoods Properties Inc.,USD,23705,0.071795,United States,31.860,Real Estate,Office Reits,660031.700000
US9427491025,2943620,Watts Water Technologies Inc. Class A,USD,2048,0.071752,United States,368.550,Industrials,Machinery,659637.600000
US0116591092,2012605,Alaska Air Group Inc.,USD,14742,0.071598,United States,51.090,Industrials,Airlines,658220.500000
BMG8192H1060,BMCQX44,SiriusPoint Ltd,USD,30495,0.071400,United States,24.630,Financials,Insurance,656405.300000
US9282981086,2930149,Vishay Intertechnology Inc.,USD,16328,0.071276,United States,45.920,Information Technology,Electronic Equipment Instruments & Components,655260.440000
US2036071064,2222062,Community Financial System Inc.,USD,11088,0.071264,United States,67.610,Financials,Banks,655153.750000
US6501111073,2632003,New York Times Company Class A,USD,10149,0.071249,United States,73.850,Communication Services,Media,655017.300000
US82982L1035,BYQ7X81,SiteOne Landscape Supply Inc.,USD,6665,0.071209,United States,112.390,Industrials,Trading Companies & Distributors,654646.560000
US05561Q2012,2109091,BOK Financial Corporation,USD,5370,0.071105,United States,139.290,Financials,Banks,653692.200000
US4026355028,BND7X43,Gulfport Energy Corp,USD,4405,0.070714,United States,168.870,Energy,Oil Gas & Consumable Fuels,650096.000000
US78473E1038,BQ1L7V3,SPX Technologies Inc.,USD,3266,0.070707,United States,227.740,Industrials,Machinery,650031.800000
BMG9460G1015,BMY0YX0,Valaris Ltd.,USD,9837,0.070462,United States,75.350,Energy,Energy Equipment & Services,647776.200000
US50187T1060,BG3G1B4,LGI Homes Inc.,USD,11941,0.070413,United States,62.030,Consumer Discretionary,Household Durables,647323.750000
US4180561072,2414580,Hasbro Inc.,USD,9236,0.070371,United States,80.150,Consumer Discretionary,Leisure Products,646943.750000
US65290E1010,BR1GTS6,Nextpower Inc. Class A,USD,6555,0.070314,United States,112.840,Industrials,Electrical Equipment,646420.060000
US2681501092,BJV2RD9,Dynatrace Inc.,USD,16508,0.070257,United States,44.770,Information Technology,Software,645893.060000
US50050N1037,BJTJGC4,Kontoor Brands Inc.,USD,8690,0.070218,United States,85.000,Consumer Discretionary,Textiles Apparel & Luxury Goods,645531.940000
US70432V1026,BL95MY0,Paycom Software Inc.,USD,5299,0.070125,United States,139.210,Industrials,Professional Services,644678.900000
US32054K1034,2360757,First Industrial Realty Trust Inc.,USD,11750,0.069700,United States,62.400,Real Estate,Industrial Reits,640769.060000
US33768G1076,BMF5Q83,FirstCash Holdings Inc.,USD,3300,0.069633,United States,221.970,Financials,Consumer Finance,640158.100000
US0774541066,B01WL78,Belden Inc.,USD,6346,0.069623,United States,115.410,Information Technology,Electronic Equipment Instruments & Components,640062.800000
US1630721017,2192392,Cheesecake Factory Incorporated,USD,9196,0.069219,United States,79.180,Consumer Discretionary,Hotels Restaurants & Leisure,636346.300000
US32020R1095,2266026,First Financial Bankshares Inc,USD,20801,0.068971,United States,34.880,Financials,Banks,634073.750000
US7291321005,2692160,Plexus Corp.,USD,2636,0.068938,United States,275.110,Information Technology,Electronic Equipment Instruments & Components,633768.750000
US29786A1060,BWTN5N1,Etsy Inc.,USD,9417,0.068904,United States,76.970,Consumer Discretionary,Broadline Retail,633451.200000
US83545G1022,2125246,Sonic Automotive Inc. Class A,USD,8641,0.068779,United States,83.730,Consumer Discretionary,Specialty Retail,632301.440000
US8794338298,B6YR5K3,Telephone and Data Systems Inc.,USD,19970,0.068703,United States,36.190,Communication Services,Wireless Telecommunication Services,631605.200000
US9282541013,BWTVWD4,Virtu Financial Inc. Class A,USD,11679,0.068579,United States,61.770,Financials,Capital Markets,630466.940000
US7415111092,2092942,PriceSmart Inc.,USD,3632,0.068328,United States,197.900,Consumer Staples,Consumer Staples Distribution & Retail,628160.560000
US5596631094,BF2GC59,Magnolia Oil & Gas Corp. Class A,USD,28465,0.068190,United States,25.200,Energy,Oil Gas & Consumable Fuels,626889.250000
US0846801076,2606570,Beacon Financial Corporation,USD,23628,0.067878,United States,30.220,Financials,Banks,624022.800000
US3193832041,BZ1LBM5,First Busey Corporation,USD,24035,0.067745,United States,29.650,Financials,Banks,622799.000000
US0240611030,2382416,Dauch Corporation,USD,138796,0.067687,United States,5.130,Consumer Discretionary,Automobile Components,622262.200000
US75524B1044,B0GLYB5,RBC Bearings Incorporated,USD,1177,0.067643,United States,604.560,Industrials,Machinery,621863.300000
US06652V2088,2346003,Banner Corporation,USD,10578,0.067544,United States,67.170,Financials,Banks,620951.900000
US2358252052,B2PFJR3,Dana Incorporated,USD,28450,0.067370,United States,24.910,Consumer Discretionary,Automobile Components,619348.500000
US5370081045,2531832,Littelfuse Inc.,USD,1693,0.067349,United States,418.470,Information Technology,Electronic Equipment Instruments & Components,619156.300000
US71880K1016,BPW7PC0,PHINIA Inc.,USD,9357,0.067344,United States,75.710,Consumer Discretionary,Automobile Components,619111.600000
US24906P1093,BYNPPC6,DENTSPLY SIRONA Inc.,USD,60523,0.067028,United States,11.650,Health Care,Health Care Equipment & Supplies,616205.300000
US8984021027,2340210,Trustmark Corporation,USD,15131,0.066712,United States,46.380,Financials,Banks,613306.300000
US16359R1032,2190084,Chemed Corporation,USD,1427,0.066424,United States,489.660,Health Care,Health Care Providers & Services,610657.440000
US7549071030,2473138,Rayonier Inc.,USD,32476,0.066345,United States,21.490,Real Estate,Specialized Reits,609927.200000
US14174T1079,BMP8TL6,CareTrust REIT Inc.,USD,16688,0.066248,United States,41.760,Real Estate,Health Care Reits,609037.200000
US0905722072,2098508,Bio-Rad Laboratories Inc. Class A,USD,2347,0.066233,United States,296.860,Health Care,Life Sciences Tools & Services,608896.940000
US53190C1027,BPH0546,Life Time Group Holdings Inc.,USD,17072,0.066231,United States,40.810,Consumer Discretionary,Hotels Restaurants & Leisure,608877.700000
US29415F1049,BK63SF3,Envista Holdings Corp.,USD,25187,0.066155,United States,27.630,Health Care,Health Care Equipment & Supplies,608185.940000
US4657411066,2471949,Itron Inc.,USD,8169,0.066093,United States,85.110,Information Technology,Electronic Equipment Instruments & Components,607615.100000
US88339J1051,BD8FDD1,Trade Desk Inc. Class A,USD,36400,0.066091,United States,19.100,Communication Services,Media,607594.500000
US5535301064,2567655,MSC Industrial Direct Co. Inc. Class A,USD,5637,0.065794,United States,122.780,Industrials,Trading Companies & Distributors,604859.800000
US79546E1047,B1GZ005,Sally Beauty Holdings Inc.,USD,48904,0.065736,United States,14.140,Consumer Discretionary,Specialty Retail,604328.200000
US6287781024,2626459,NBT Bancorp Inc.,USD,13802,0.065707,United States,50.080,Financials,Banks,604067.440000
US1638511089,BZ0CTP8,Chemours Co.,USD,36344,0.065678,United States,19.010,Materials,Chemicals,603801.100000
US40637H1095,2975098,Halozyme Therapeutics Inc.,USD,8686,0.065603,United States,79.450,Health Care,Biotechnology,603104.750000
US4234521015,2420101,Helmerich & Payne Inc.,USD,22047,0.065600,United States,31.300,Energy,Energy Equipment & Services,603077.200000
US00181T1079,BK6MJ46,Gold.com Inc.,USD,15682,0.065579,United States,43.990,Consumer Discretionary,Distributors,602885.060000
US26210C1045,BG0T321,Dropbox Inc. Class A,USD,24068,0.065344,United States,28.560,Information Technology,Software,600727.200000
US3976241071,2388016,Greif Inc Class A,USD,9135,0.065286,United States,75.180,Materials,Containers & Packaging,600191.600000
US3873281071,2381189,Granite Construction Incorporated,USD,4701,0.065214,United States,145.930,Industrials,Construction & Engineering,599534.060000
US0044981019,2889155,ACI Worldwide Inc.,USD,12415,0.064769,United States,54.880,Information Technology,Software,595442.600000
US43940T1097,BYN87K7,Hope Bancorp Inc.,USD,50139,0.064727,United States,13.580,Financials,Banks,595051.440000
US58506Q1094,BDCBC61,Medpace Holdings Inc.,USD,1215,0.064403,United States,557.600,Health Care,Life Sciences Tools & Services,592076.900000
CH0048265513,B3KFWW1,Transocean Ltd.,USD,133781,0.064351,United States,5.060,Energy,Energy Equipment & Services,591594.400000
US93627C1018,BF2X272,Warrior Met Coal Inc.,USD,8350,0.064160,United States,80.830,Materials,Metals & Mining,589845.300000
US3981823038,BQWNKQ4,American Healthcare REIT Inc.,USD,12258,0.064137,United States,55.040,Real Estate,Health Care Reits,589626.700000
JE00BWK75100,BWK7510,Versigent PLC,USD,16777,0.064113,United States,40.200,Consumer Discretionary,Automobile Components,589412.600000
US5165441032,BP8S8J5,Lantheus Holdings Inc,USD,6112,0.063848,United States,109.890,Health Care,Health Care Equipment & Supplies,586976.300000
US05990K1060,BCD47X4,Banc of California Inc.,USD,33021,0.063723,United States,20.300,Financials,Banks,585821.500000
US17243V1026,B1W7RQ0,Cinemark Holdings Inc.,USD,21243,0.063672,United States,31.530,Communication Services,Entertainment,585354.400000
US5526901096,2547323,MDU Resources Group Inc.,USD,32287,0.063565,United States,20.710,Utilities,Gas Utilities,584368.560000
US1156372096,2146838,Brown-Forman Corporation Class B,USD,25532,0.063494,United States,26.160,Consumer Staples,Beverages,583716.060000
US36162J1060,BNLYWQ1,GEO Group Inc,USD,22079,0.063491,United States,30.250,Industrials,Commercial Services & Supplies,583692.100000
US21871N1019,BZ8VC58,CoreCivic Inc.,USD,21521,0.063482,United States,31.030,Industrials,Commercial Services & Supplies,583610.800000
US25520W1071,BMHXS56,Diversified Energy Company,USD,46565,0.063300,United States,14.300,Energy,Oil Gas & Consumable Fuels,581935.300000
US05605H1005,BZ0W624,BWX Technologies Inc.,USD,3480,0.063206,United States,191.060,Industrials,Aerospace & Defense,581069.500000
US00191U1025,BFY8W20,Everforth Inc.,USD,37570,0.063072,United States,17.660,Information Technology,It Services,579843.700000
US3142111034,2246288,Federated Hermes Inc. Class B,USD,11718,0.063049,United States,56.600,Financials,Capital Markets,579627.500000
US09257W1009,B94QHZ0,Blackstone Mortgage Trust Inc. Class A,USD,38375,0.062928,United States,17.250,Financials,Mortgage Real Estate Investment Trusts (Reits),578517.560000
US6833441057,BKZ7N95,Onto Innovation Inc.,USD,2143,0.062660,United States,307.580,Information Technology,Semiconductors & Semiconductor Equipment,576048.800000
US0003611052,2001119,AAR CORP.,USD,4689,0.062454,United States,140.110,Industrials,Aerospace & Defense,574154.060000
PR67103X1020,B87LKR8,OFG Bancorp,USD,13216,0.062164,United States,49.480,Financials,Banks,571490.250000
US86771W1053,BYXB1Y8,Sunrun Inc.,USD,51251,0.062070,United States,12.740,Industrials,Electrical Equipment,570625.060000
US43283X1054,BYSLHX4,Hilton Grand Vacations Inc.,USD,12297,0.061851,United States,52.910,Consumer Discretionary,Hotels Restaurants & Leisure,568612.000000
US3138551086,2333986,Federal Signal Corporation,USD,4956,0.061760,United States,131.090,Industrials,Machinery,567779.750000
VGG1890L1076,BJ1N1M9,Capri Holdings Limited,USD,34191,0.061625,United States,18.960,Consumer Discretionary,Textiles Apparel & Luxury Goods,566538.200000
US1727551004,2197308,Cirrus Logic Inc.,USD,4382,0.060918,United States,146.240,Information Technology,Semiconductors & Semiconductor Equipment,560038.200000
US36237H1014,2369721,G-III Apparel Group Ltd.,USD,19094,0.060806,United States,33.500,Consumer Discretionary,Textiles Apparel & Luxury Goods,559011.560000
US1091941005,B7MJWP2,Bright Horizons Family Solutions Inc.,USD,8486,0.060615,United States,75.140,Consumer Discretionary,Diversified Consumer Services,557254.100000
MHY410531021,BYX60M4,International Seaways Inc.,USD,7738,0.060613,United States,82.400,Energy,Oil Gas & Consumable Fuels,557230.700000
US6896481032,2664103,Otter Tail Corporation,USD,6959,0.060458,United States,91.390,Utilities,Electric Utilities,555807.700000
US39874R1014,BK1KWF7,Grocery Outlet Holding Corp.,USD,60909,0.060160,United States,10.390,Consumer Staples,Consumer Staples Distribution & Retail,553064.940000
US5894001008,2578464,Mercury General Corporation,USD,5694,0.059801,United States,110.480,Financials,Insurance,549768.940000
US8713321029,BMW72C8,Sylvamo Corporation,USD,16321,0.059795,United States,38.540,Materials,Paper & Forest Products,549714.940000
US4470111075,B0650B9,Huntsman Corporation,USD,57698,0.059347,United States,10.820,Materials,Chemicals,545590.900000
US76009N1000,2733092,Upbound Group Inc.,USD,31360,0.059295,United States,19.890,Consumer Discretionary,Specialty Retail,545117.250000
BMG611881019,BS71B31,Liberty Global Ltd. Class A,USD,55110,0.059199,United States,11.300,Communication Services,Diversified Telecommunication Services,544236.800000
US6673401039,B523Z73,Northwest Bancshares Inc.,USD,41113,0.059054,United States,15.110,Financials,Banks,542903.560000
US9507551086,2948852,Werner Enterprises Inc.,USD,14310,0.058767,United States,43.200,Industrials,Ground Transportation,540259.560000
US0625401098,2074070,Bank of Hawaii Corp,USD,7464,0.058701,United States,82.730,Financials,Banks,539652.000000
US4415931009,BYQ3PM7,Houlihan Lokey Inc. Class A,USD,4404,0.058674,United States,140.150,Financials,Capital Markets,539410.560000
US77543R1023,BZ1LFG7,Roku Inc. Class A,USD,4326,0.058573,United States,142.430,Communication Services,Entertainment,538476.800000
US86333M1080,BLD5321,Stride Inc.,USD,6809,0.058540,United States,90.440,Consumer Discretionary,Diversified Consumer Services,538174.300000
US3927091013,BS7T2R6,Green Brick Partners Inc.,USD,7766,0.058507,United States,79.250,Consumer Discretionary,Household Durables,537868.060000
US4570301048,2460550,Ingles Markets Incorporated Class A,USD,6818,0.058442,United States,90.170,Consumer Staples,Consumer Staples Distribution & Retail,537276.800000
US3936571013,2387530,Greenbrier Companies Inc.,USD,12883,0.058222,United States,47.540,Industrials,Machinery,535248.250000
US3198291078,2351546,First Commonwealth Financial Corporation,USD,29902,0.058187,United States,20.470,Financials,Banks,534930.200000
US70932M1071,BGYTGH3,PennyMac Financial Services Inc.,USD,7333,0.058186,United States,83.470,Financials,Financial Services,534922.900000
US89531P1057,2483074,Trex Company Inc.,USD,12624,0.058167,United States,48.470,Industrials,Building Products,534747.900000
US45867G1013,2465737,InterDigital Inc.,USD,2174,0.058156,United States,281.400,Information Technology,Software,534641.500000
US11135E2037,BN93088,Broadstone Net Lease Inc.,USD,28759,0.058095,United States,21.250,Real Estate,Diversified Reits,534086.700000
US67011P1003,BMH0MV1,DNOW Inc.,USD,48429,0.058007,United States,12.600,Industrials,Trading Companies & Distributors,533279.800000
US07831C1036,BN70ZC0,BellRing Brands Inc.,USD,44019,0.057998,United States,13.860,Consumer Staples,Personal Care Products,533190.560000
US03676B1026,BJBT0Q4,Antero Midstream Corp.,USD,27105,0.057872,United States,22.460,Energy,Oil Gas & Consumable Fuels,532032.560000
US0942351083,B847RJ0,Bloomin' Brands Inc.,USD,69768,0.057701,United States,8.700,Consumer Discretionary,Hotels Restaurants & Leisure,530462.400000
US1495681074,2787022,Cavco Industries Inc.,USD,1013,0.057657,United States,598.730,Consumer Discretionary,Household Durables,530053.250000
US2244411052,BQ7W2W6,Crane NXT Co.,USD,11527,0.057529,United States,52.500,Information Technology,Electronic Equipment Instruments & Components,528877.000000
US09581B1035,BN7CQS9,Blue Owl Capital Inc. Class A,USD,66931,0.057518,United States,9.040,Financials,Capital Markets,528779.750000
US42226A1079,BP8XZL1,HealthEquity Inc,USD,6338,0.057425,United States,95.310,Health Care,Health Care Providers & Services,527922.000000
US65406E1029,2012865,Nicolet Bankshares Inc.,USD,3619,0.057357,United States,166.720,Financials,Banks,527297.060000
US5246601075,2510682,Leggett & Platt Incorporated,USD,50491,0.057309,United States,11.940,Consumer Discretionary,Household Durables,526862.560000
US9182841000,2926773,VSE Corporation,USD,2566,0.056672,United States,232.330,Industrials,Aerospace & Defense,521003.940000
US45378A1060,BCRYTK1,Independence Realty Trust Inc.,USD,34375,0.056630,United States,17.330,Real Estate,Residential Reits,520619.380000
US45780R1014,BJSP4C9,Installed Building Products Inc.,USD,2600,0.056417,United States,228.260,Consumer Discretionary,Household Durables,518659.380000
US70509V1008,B4XBDV9,Pebblebrook Hotel Trust,USD,31560,0.056343,United States,18.780,Real Estate,Hotel & Resort Reits,517978.400000
US1462291097,2980939,Carter's Incorporated,USD,14522,0.056117,United States,40.650,Consumer Discretionary,Textiles Apparel & Luxury Goods,515900.660000
US4227041062,2418601,Hecla Mining Company,USD,36138,0.056099,United States,16.330,Materials,Metals & Mining,515738.300000
US53566V1061,BP5DSY8,Lineage Inc.,USD,13337,0.055785,United States,44.000,Real Estate,Industrial Reits,512849.440000
US35905A1097,BFYF094,Frontdoor Inc.,USD,7471,0.055751,United States,78.500,Consumer Discretionary,Diversified Consumer Services,512539.660000
US6811161099,BZ22B38,Ollie's Bargain Outlet Holdings Inc,USD,7886,0.055632,United States,74.210,Consumer Discretionary,Broadline Retail,511444.220000
US7033431039,2673154,Patrick Industries Inc.,USD,6850,0.055370,United States,85.030,Consumer Discretionary,Automobile Components,509028.200000
US9604131022,B01ZP20,Westlake Corporation,USD,7785,0.055334,United States,74.770,Materials,Chemicals,508703.900000
US5534981064,BKM4S16,MSA Safety Inc.,USD,3387,0.055212,United States,171.480,Industrials,Commercial Services & Supplies,507583.780000
US29272W1099,BYZFPN5,Energizer Holdings Inc.,USD,26680,0.055164,United States,21.750,Consumer Staples,Household Products,507135.660000
US30257X1046,BYY5Z69,FB Financial Corporation,USD,10336,0.054925,United States,55.900,Financials,Banks,504944.200000
US6752321025,2655583,Oceaneering International Inc.,USD,15000,0.054898,United States,38.500,Energy,Energy Equipment & Services,504697.380000
US48123V1026,B75DGJ3,Ziff Davis Inc.,USD,10991,0.054780,United States,52.430,Communication Services,Interactive Media & Services,503612.060000
US44930G1076,2451918,ICU Medical Inc.,USD,3714,0.054714,United States,154.970,Health Care,Health Care Equipment & Supplies,503000.720000
US70202L1026,BJN4N02,Parsons Corporation,USD,10159,0.054361,United States,56.290,Industrials,Professional Services,499759.750000
US78440X8873,BPGKM57,SL Green Realty Corp.,USD,10690,0.054286,United States,53.420,Real Estate,Office Reits,499069.060000
US84790A1051,BDRYFB1,Spectrum Brands Holdings Inc.,USD,6716,0.054261,United States,84.990,Consumer Staples,Household Products,498835.750000
US93148P1021,B4TZV44,Walker & Dunlop Inc.,USD,10463,0.054257,United States,54.550,Financials,Financial Services,498804.130000
US74112D1019,B0650P3,Prestige Consumer Healthcare Inc,USD,11540,0.054215,United States,49.420,Health Care,Pharmaceuticals,498411.000000
US7838591011,2781109,S&T Bancorp Inc.,USD,11562,0.053999,United States,49.130,Financials,Banks,496430.880000
US0017441017,2813552,AMN Healthcare Services Inc.,USD,16339,0.053974,United States,34.750,Health Care,Health Care Providers & Services,496202.940000
US2582781009,2718594,Dorman Products Inc.,USD,4118,0.053885,United States,137.650,Consumer Discretionary,Automobile Components,495383.600000
US04247X1028,B1FT462,Armstrong World Industries Inc.,USD,3571,0.053826,United States,158.560,Industrials,Building Products,494837.400000
US6837121036,BL96T19,Opendoor Technologies Inc,USD,115540,0.053819,United States,4.900,Real Estate,Real Estate Management & Development,494774.750000
US98311A1051,BF108P4,Wyndham Hotels & Resorts Inc.,USD,6868,0.053804,United States,82.410,Consumer Discretionary,Hotels Restaurants & Leisure,494640.030000
US4050241003,2401195,Haemonetics Corporation,USD,7525,0.053701,United States,75.070,Health Care,Health Care Equipment & Supplies,493687.340000
US50189K1034,BYQ44Y5,LCI Industries,USD,5464,0.053687,United States,103.360,Consumer Discretionary,Automobile Components,493562.630000
US3665051054,BGLRLT7,Garrett Motion Inc,USD,17624,0.053193,United States,31.750,Consumer Discretionary,Automobile Components,489020.750000
US0207641061,BMFND53,Alpha Metallurgical Resources Inc.,USD,3477,0.052885,United States,160.000,Materials,Metals & Mining,486187.400000
US5303073051,BRTLC06,Liberty Broadband Corp. Class C,USD,17278,0.052789,United States,32.140,Communication Services,Media,485309.060000
US26884U1097,B8XXZP1,EPR Properties,USD,9288,0.052182,United States,59.100,Real Estate,Specialized Reits,479721.000000
US52110M1099,BRT46K3,Lazard Inc,USD,13203,0.052137,United States,41.540,Financials,Capital Markets,479311.900000
US8060371072,2767756,ScanSource Inc.,USD,10758,0.052024,United States,50.870,Information Technology,Electronic Equipment Instruments & Components,478269.130000
US2220702037,BBBSMJ2,Coty Inc. Class A,USD,237370,0.051899,United States,2.300,Consumer Staples,Personal Care Products,477125.560000
US87918A1051,BYQRFY1,Teladoc Health Inc.,USD,59248,0.051817,United States,9.200,Health Care,Health Care Technology,476365.780000
US1535272058,B1P36Y6,Central Garden & Pet Company Class A,USD,14161,0.051734,United States,38.430,Consumer Staples,Household Products,475601.660000
US72147K1088,B5L3PZ2,Pilgrim's Pride Corporation,USD,18772,0.051322,United States,28.760,Consumer Staples,Food Products,471822.340000
US3189101062,2351494,First Bancorp,USD,8460,0.051310,United States,63.800,Financials,Banks,471704.560000
US87305R1095,2635659,TTM Technologies Inc.,USD,3452,0.051186,United States,155.980,Information Technology,Electronic Equipment Instruments & Components,470564.060000
US71844V2016,BN48ZR2,Phillips Edison & Company Inc.,USD,12705,0.050799,United States,42.060,Real Estate,Retail Reits,467006.600000
US1248051021,2730781,CBIZ Inc.,USD,15198,0.050740,United States,35.120,Industrials,Professional Services,466465.970000
US00737L1035,BZ12TX5,Covista Inc.,USD,4105,0.050683,United States,129.880,Consumer Discretionary,Diversified Consumer Services,465944.880000
US78351F1075,BNXKSK3,Ryan Specialty Holdings Inc. Class A,USD,12676,0.050647,United States,42.030,Financials,Insurance,465608.250000
US00165C3025,BN4G703,AMC Entertainment Holdings Inc. Class A,USD,281218,0.050526,United States,1.890,Communication Services,Entertainment,464498.160000
US5186132032,BYMYT66,Laureate Education Inc.,USD,13905,0.050494,United States,38.200,Consumer Discretionary,Diversified Consumer Services,464208.840000
US0994061002,BRS6600,Boot Barn Holdings Inc.,USD,3342,0.050107,United States,157.720,Consumer Discretionary,Specialty Retail,460651.250000
US62886E1082,2632650,NCR Voyix Corporation,USD,60131,0.049731,United States,8.700,Information Technology,Software,457190.030000
US45826H1095,BD06LM7,Integer Holdings Corporation,USD,5491,0.049662,United States,95.140,Health Care,Health Care Equipment & Supplies,456555.600000
US78573L1061,B5NLBP6,Sabra Health Care REIT Inc.,USD,25829,0.049500,United States,20.160,Real Estate,Health Care Reits,455068.900000
US9746371007,2972721,Winnebago Industries Inc.,USD,16704,0.049480,United States,31.160,Consumer Discretionary,Automobiles,454880.160000
US6866881021,B03L311,Ormat Technologies Inc.,USD,4618,0.049414,United States,112.560,Utilities,Independent Power And Renewable Electricity Producers,454273.160000
US7240782091,BVLNNN8,Piper Sandler Companies,USD,7310,0.049401,United States,71.090,Financials,Capital Markets,454155.880000
US4403271046,2437112,Horace Mann Educators Corporation,USD,9647,0.049384,United States,53.850,Financials,Insurance,454001.220000
US4212981009,BMFQC33,Hayward Holdings Inc.,USD,30571,0.049317,United States,16.970,Industrials,Building Products,453388.530000
US4282911084,2416779,Hexcel Corporation,USD,5217,0.049252,United States,99.310,Industrials,Aerospace & Defense,452785.880000
US16679L1098,BJLFHW7,Chewy Inc. Class A,USD,24824,0.049202,United States,20.850,Consumer Discretionary,Specialty Retail,452331.560000
US4424874018,BJ5KPZ7,Hovnanian Enterprises Inc. Class A,USD,3843,0.049147,United States,134.530,Consumer Discretionary,Household Durables,451823.280000
US4281031058,BKPK695,Hess Midstream LP Class A,USD,13535,0.049099,United States,38.160,Energy,Oil Gas & Consumable Fuels,451383.500000
US03957W1062,BYRGSX7,Archrock Inc.,USD,14028,0.049061,United States,36.790,Energy,Energy Equipment & Services,451029.160000
US07556Q8814,B8KHZT0,Beazer Homes USA Inc.,USD,18363,0.049000,United States,28.070,Consumer Discretionary,Household Durables,450469.200000
US8965221091,2904627,Trinity Industries Inc.,USD,15070,0.048880,United States,34.120,Industrials,Machinery,449367.160000
US65158N1028,BF1Q6P8,Newmark Group Inc. Class A,USD,32684,0.048842,United States,15.720,Real Estate,Real Estate Management & Development,449021.160000
US1630861011,B63RTD5,Chefs' Warehouse Inc.,USD,5366,0.048776,United States,95.620,Consumer Staples,Consumer Staples Distribution & Retail,448413.280000
BMG7997W1029,BNTBRX6,Seadrill Limited,USD,12857,0.048730,United States,39.870,Energy,Energy Equipment & Services,447986.470000
US63001N1063,BRRD6G8,NCR Atleos Corporation,USD,11500,0.048725,United States,44.570,Financials,Financial Services,447939.660000
US8603721015,2848736,Stewart Information Services Corporation,USD,7531,0.048653,United States,67.960,Financials,Insurance,447285.750000
US8962881079,2693914,TriNet Group Inc.,USD,9256,0.048579,United States,55.210,Industrials,Professional Services,446601.470000
US5053361078,2508405,La-Z-Boy Incorporated,USD,12759,0.048407,United States,39.910,Consumer Discretionary,Household Durables,445017.880000
US18539C2044,BGJRH57,Clearway Energy Inc. Class C,USD,15478,0.048202,United States,32.760,Utilities,Independent Power And Renewable Electricity Producers,443136.750000
US05969A1051,B05BRL7,Bancorp Inc,USD,7915,0.048072,United States,63.890,Financials,Banks,441939.530000
US41068X1000,B9HHD96,HA Sustainable Infrastructure Capital Inc.,USD,13153,0.047839,United States,38.260,Financials,Financial Services,439793.500000
US1311931042,2173933,Callaway Golf Company,USD,27483,0.047706,United States,18.260,Consumer Discretionary,Leisure Products,438575.130000
US9047081040,2466428,UniFirst Corporation,USD,1831,0.047616,United States,273.560,Industrials,Commercial Services & Supplies,437743.800000
US29355A1079,B65SQW4,Enphase Energy Inc.,USD,11580,0.047412,United States,43.070,Information Technology,Semiconductors & Semiconductor Equipment,435875.530000
US5898891040,2580555,Merit Medical Systems Inc.,USD,7014,0.047400,United States,71.090,Health Care,Health Care Equipment & Supplies,435765.970000
US3131483063,2363381,Federal Agricultural Mortgage Corporation Class C,USD,2478,0.047334,United States,200.940,Financials,Financial Services,435157.780000
US98585X1046,BGR7KH2,YETI Holdings Inc.,USD,10017,0.047317,United States,49.690,Consumer Discretionary,Leisure Products,434996.470000
US5657881067,BLR7B52,MARA Holdings Inc.,USD,40133,0.047308,United States,12.400,Information Technology,Software,434912.970000
US2545431015,2270500,Diodes Incorporated,USD,5160,0.047213,United States,96.250,Information Technology,Semiconductors & Semiconductor Equipment,434039.780000
US0389231087,B00N2S0,Arbor Realty Trust Inc,USD,94185,0.047185,United States,5.270,Financials,Mortgage Real Estate Investment Trusts (Reits),433781.880000
US9134561094,2923804,Universal Corp,USD,9542,0.046824,United States,51.620,Consumer Staples,Tobacco,430463.660000
US6752341080,2125901,OceanFirst Financial Corp.,USD,25730,0.046595,United States,19.050,Financials,Banks,428364.800000
US63938C1080,BLP5GX1,Navient Corp,USD,56867,0.046545,United States,8.610,Financials,Consumer Finance,427900.220000
US1307881029,2165383,California Water Service Group,USD,9740,0.046508,United States,50.230,Utilities,Water Utilities,427564.060000
US3535141028,2350383,Franklin Electric Co. Inc.,USD,4642,0.046396,United States,105.140,Industrials,Machinery,426532.530000
US92047W1018,BDG22J3,Valvoline Inc.,USD,12476,0.046349,United States,39.080,Consumer Discretionary,Specialty Retail,426097.530000
KYG367381053,2118707,Del Monte Corporation,USD,17267,0.046321,United States,28.220,Consumer Staples,Food Products,425846.380000
US4327481010,2365428,Hilltop Holdings Inc.,USD,12547,0.046302,United States,38.820,Financials,Banks,425671.400000
US25960P1093,B1G3M58,Douglas Emmett Inc,USD,38923,0.046288,United States,12.510,Real Estate,Office Reits,425542.250000
US92242T1016,BQS2V17,V2X Inc,USD,6566,0.046252,United States,74.100,Industrials,Aerospace & Defense,425204.800000
US1474481041,2120490,Casella Waste Systems Inc. Class A,USD,4970,0.046060,United States,97.490,Industrials,Commercial Services & Supplies,423443.530000
US6031581068,2595612,Minerals Technologies Inc.,USD,6502,0.046023,United States,74.460,Materials,Chemicals,423105.880000
US45781V1017,BD0NN55,Innovative Industrial Properties Inc,USD,7640,0.046017,United States,63.360,Real Estate,Industrial Reits,423046.000000
US20603L1026,BSWW195,Concentra Group Holdings Parent Inc.,USD,15169,0.046014,United States,31.910,Health Care,Health Care Providers & Services,423021.880000
US7097891011,2679419,Peoples Bancorp Inc.,USD,12483,0.045936,United States,38.710,Financials,Banks,422300.100000
US92645B1035,BFYVKR0,Victory Capital Holdings Inc. Class A,USD,5507,0.045933,United States,87.740,Financials,Capital Markets,422271.530000
US98983L1089,BMV1ZD3,Zurn Elkay Water Solutions Corporation,USD,9817,0.045877,United States,49.160,Industrials,Building Products,421764.250000
BMG611881274,BS71BR5,Liberty Global Ltd. Class C,USD,44176,0.045774,United States,10.900,Communication Services,Diversified Telecommunication Services,420815.700000
US82900L1026,BF27XF9,Simply Good Foods Co,USD,35004,0.045687,United States,13.730,Consumer Staples,Food Products,420017.380000
US8592411016,2632876,Sterling Infrastructure Inc.,USD,685,0.045631,United States,700.750,Industrials,Construction & Engineering,419500.750000
US74967X1037,BYXR425,RH,USD,2828,0.045455,United States,169.080,Consumer Discretionary,Specialty Retail,417879.160000
US59100U1088,2420316,Pathward Financial Inc.,USD,5348,0.045105,United States,88.720,Financials,Banks,414659.840000
US8726571016,BNKBB55,TPG Inc Class A,USD,11427,0.045004,United States,41.430,Financials,Capital Markets,413738.780000
US9467841055,BSWYNW8,Waystar Holding Corp.,USD,20060,0.044737,United States,23.460,Health Care,Health Care Technology,411280.400000
US05945F1030,2078782,BancFirst Corporation,USD,4129,0.044735,United States,113.970,Financials,Banks,411258.130000
US0079731008,2049175,Advanced Energy Industries Inc.,USD,1510,0.044681,United States,311.270,Information Technology,Electronic Equipment Instruments & Components,410764.840000
US60744M1062,BWM34D1,Mobility Global Inc,USD,23683,0.044577,United States,19.800,Industrials,Professional Services,409808.500000
BMG9001E1286,BD9Q3Q6,Liberty Latin America Ltd. Class C,USD,61433,0.044559,United States,7.630,Communication Services,Diversified Telecommunication Services,409642.800000
US3984331021,2463344,Griffon Corporation,USD,5028,0.044385,United States,92.860,Industrials,Building Products,408040.280000
US5766901012,2149622,Materion Corporation,USD,1759,0.044384,United States,265.430,Materials,Metals & Mining,408032.630000
US4830077040,B15CJ33,Kaiser Aluminum Corporation,USD,2642,0.044271,United States,176.270,Materials,Metals & Mining,406996.160000
US1046741062,2117726,Brady Corporation Class A,USD,5055,0.044181,United States,91.940,Industrials,Commercial Services & Supplies,406167.060000
US6078281002,2598354,Modine Manufacturing Company,USD,2001,0.043935,United States,230.970,Industrials,Building Products,403907.340000
US75700L1089,BYY9947,Red Rock Resorts Inc. Class A,USD,7043,0.043921,United States,65.600,Consumer Discretionary,Hotels Restaurants & Leisure,403776.100000
US6337071046,B888DV3,National Bank Holdings Corporation Class A,USD,10336,0.043734,United States,44.510,Financials,Banks,402058.380000
US74758T3032,B7XJTN8,Qualys Inc.,USD,3105,0.043720,United States,148.120,Information Technology,Software,401933.700000
US98954M2008,BYXJF62,Zillow Group Inc. Class C,USD,13756,0.043716,United States,33.430,Real Estate,Real Estate Management & Development,401890.380000
US26856L1035,BDDQ975,e.l.f. Beauty Inc.,USD,6005,0.043624,United States,76.420,Consumer Staples,Personal Care Products,401050.530000
US20459V1052,BMYS5T7,GPGI Inc. Class A,USD,27381,0.043599,United States,16.750,Information Technology,Technology Hardware Storage & Peripherals,400814.280000
US3746891072,2369226,Gibraltar Industries Inc.,USD,10408,0.043455,United States,43.920,Industrials,Building Products,399492.530000
US8960951064,2904133,TriCo Bancshares,USD,8379,0.043443,United States,54.540,Financials,Banks,399380.100000
US2963151046,2321583,ESCO Technologies Inc.,USD,1366,0.043213,United States,332.780,Industrials,Machinery,397271.100000
US82452J1097,BLF0L75,Shift4 Payments Inc. Class A,USD,8844,0.043171,United States,51.350,Financials,Financial Services,396888.250000
US52603A2087,BK95GR4,Happen Inc.,USD,22910,0.042882,United States,19.690,Financials,Consumer Finance,394230.160000
US5543821012,2543967,Macerich Company,USD,17677,0.042783,United States,25.460,Real Estate,Retail Reits,393320.000000
BMG427061046,BRWKTM1,Hamilton Insurance Group Ltd. Class B,USD,13064,0.042771,United States,34.440,Financials,Insurance,393204.400000
US7837541041,B3TPPZ6,Ryerson Holding Corporation,USD,18717,0.042756,United States,24.030,Materials,Metals & Mining,393069.280000
US58463J3041,B0JL5L9,Medical Properties Trust Inc.,USD,97815,0.042680,United States,4.590,Real Estate,Health Care Reits,392371.280000
US45768S1050,2245597,Innospec Inc.,USD,5402,0.042674,United States,83.100,Materials,Chemicals,392314.780000
US58502B1061,2677640,Pediatrix Medical Group Inc.,USD,16745,0.042597,United States,26.760,Health Care,Health Care Providers & Services,391606.900000
US7599161095,2731654,Repligen Corporation,USD,3137,0.042465,United States,142.400,Health Care,Life Sciences Tools & Services,390394.380000
US0423157058,BRJ8H91,ARMOUR Residential REIT Inc.,USD,25994,0.042329,United States,17.130,Financials,Mortgage Real Estate Investment Trusts (Reits),389143.280000
US92243G1085,BKPVGH6,Vaxcyte Inc.,USD,7623,0.042313,United States,58.390,Health Care,Biotechnology,388994.500000
US3020811044,B07LST0,ExlService Holdings Inc.,USD,16436,0.042217,United States,27.020,Industrials,Professional Services,388115.100000
US3004261034,BSVLTM2,Everus Construction Group Inc.,USD,3201,0.042072,United States,138.260,Industrials,Construction & Engineering,386777.560000
US74727A1043,2714257,QCR Holdings Inc.,USD,4575,0.042034,United States,96.650,Financials,Banks,386431.060000
US44925C1036,B1FP363,ICF International Inc.,USD,5888,0.041974,United States,74.990,Industrials,Professional Services,385878.220000
US87484T1088,BDT56V9,Talos Energy Inc.,USD,32237,0.041647,United States,13.590,Energy,Oil Gas & Consumable Fuels,382871.600000
US0080731088,B1P5YY8,AeroVironment Inc.,USD,2288,0.041519,United States,190.890,Industrials,Aerospace & Defense,381696.560000
US4891701009,2488121,Kennametal Inc.,USD,13030,0.041483,United States,33.490,Industrials,Machinery,381363.100000
US5562691080,2553911,Steven Madden Ltd.,USD,10924,0.041455,United States,39.920,Consumer Discretionary,Textiles Apparel & Luxury Goods,381110.800000
US7509171069,2721967,Rambus Inc.,USD,3858,0.041413,United States,112.920,Information Technology,Semiconductors & Semiconductor Equipment,380725.660000
JE00BJJN4441,BJJN444,Clarivate PLC,USD,167944,0.041350,United States,2.590,Industrials,Professional Services,380139.780000
US7473161070,2715186,Quaker Houghton,USD,2696,0.041303,United States,161.160,Materials,Chemicals,379713.660000
Unassigned,Unassigned,CONTRA WALGREENS BOOTS,USD,818381,0.041232,United States,0.530,Unassigned,Unassigned,379062.200000
US20786W1071,BNQ4YF9,ConnectOne Bancorp Inc.,USD,13296,0.041104,United States,32.520,Financials,Banks,377877.130000
US0900431000,BKDS4H5,BILL Holdings Inc.,USD,10660,0.041021,United States,40.480,Information Technology,Software,377117.600000
US2253101016,2232050,Credit Acceptance Corporation,USD,654,0.040854,United States,657.120,Financials,Consumer Finance,375579.200000
US2527843013,B090B96,DiamondRock Hospitality Company,USD,35568,0.040845,United States,12.080,Real Estate,Hotel & Resort Reits,375496.100000
US5805891091,2551551,McGrath RentCorp,USD,3644,0.040845,United States,117.910,Industrials,Trading Companies & Distributors,375498.380000
US22002T1088,2756152,COPT Defense Properties,USD,11391,0.040791,United States,37.670,Real Estate,Office Reits,375004.530000
US8309401029,BNNMQS3,Skyward Specialty Insurance Group Inc.,USD,6960,0.040637,United States,61.420,Financials,Insurance,373592.470000
US08160H1014,2090816,Benchmark Electronics Inc.,USD,4959,0.040603,United States,86.130,Information Technology,Electronic Equipment Instruments & Components,373273.900000
US38526M1062,B3F1XM1,Grand Canyon Education Inc.,USD,2798,0.040602,United States,152.650,Consumer Discretionary,Diversified Consumer Services,373270.440000
US55405W1045,B3CLS18,MYR Group Inc.,USD,986,0.040587,United States,433.010,Industrials,Construction & Engineering,373124.630000
US25659T1079,B04NJM9,Dolby Laboratories Inc. Class A,USD,8292,0.040319,United States,51.150,Information Technology,Software,370667.060000
US29355X1072,2951292,Enpro Inc.,USD,1264,0.040313,United States,335.500,Industrials,Machinery,370611.300000
US8585861003,2845005,Stepan Co,USD,7459,0.040240,United States,56.750,Materials,Chemicals,369935.100000
US44267T1025,BR1W702,Howard Hughes Holdings Inc.,USD,5704,0.040239,United States,74.210,Real Estate,Real Estate Management & Development,369931.250000
US70931T1034,B3V8JL7,PennyMac Mortgage Investment Trust,USD,39078,0.040157,United States,10.810,Financials,Mortgage Real Estate Investment Trusts (Reits),369179.100000
US2480191012,2260363,Deluxe Corporation,USD,17370,0.040141,United States,24.310,Industrials,Commercial Services & Supplies,369031.840000
US74965L1017,B3PY1N7,RLJ Lodging Trust,USD,35767,0.040053,United States,11.780,Real Estate,Hotel & Resort Reits,368219.560000
US55277P1049,2554163,MGE Energy Inc.,USD,5002,0.040051,United States,84.230,Utilities,Electric Utilities,368204.900000
US57060D1081,B03Q9D0,MarketAxess Holdings Inc.,USD,3614,0.040034,United States,116.530,Financials,Capital Markets,368048.440000
US83601L1026,BNKVRZ7,Sotera Health Company,USD,23475,0.040012,United States,17.930,Health Care,Life Sciences Tools & Services,367845.100000
US04956D1072,BNRR1B2,Atmus Filtration Technologies Inc.,USD,8459,0.039973,United States,49.710,Industrials,Machinery,367486.900000
US91347P1057,2277880,Universal Display Corporation,USD,5336,0.039921,United States,78.700,Information Technology,Semiconductors & Semiconductor Equipment,367002.970000
US5290434084,BSLN6B6,LXP Industrial Trust,USD,7527,0.039755,United States,55.560,Real Estate,Industrial Reits,365479.660000
US91332U1016,BLFDXH8,Unity Software Inc.,USD,14212,0.039612,United States,29.320,Information Technology,Software,364165.030000
US30190A1043,BM9XCN0,F&G Annuities & Life Inc,USD,14904,0.039586,United States,27.940,Financials,Insurance,363922.000000
US95058W1009,B3NXMJ9,Wendy's Company,USD,48415,0.039581,United States,8.600,Consumer Discretionary,Hotels Restaurants & Leisure,363879.400000
US91704F1049,BTPSGQ9,Urban Edge Properties,USD,18132,0.039575,United States,22.960,Real Estate,Retail Reits,363828.440000
US9682232064,2965668,John Wiley & Sons Inc. Class A,USD,7888,0.039562,United States,52.760,Communication Services,Media,363706.250000
US1924221039,2208288,Cognex Corporation,USD,6134,0.039535,United States,67.800,Information Technology,Electronic Equipment Instruments & Components,363456.600000
US86272C1036,BGGJFV8,Strategic Education Inc.,USD,5119,0.039407,United States,80.980,Consumer Discretionary,Diversified Consumer Services,362278.030000
US5653941030,BN4L6W3,Maplebear Inc.,USD,9050,0.039385,United States,45.780,Consumer Staples,Consumer Staples Distribution & Retail,362079.060000
US26817Q8868,BJN4K01,Dynex Capital Inc.,USD,31796,0.039324,United States,13.010,Financials,Mortgage Real Estate Investment Trusts (Reits),361517.130000
US04316A1088,B8FW545,Artisan Partners Asset Management Inc. Class A,USD,11674,0.039296,United States,35.410,Financials,Capital Markets,361264.000000
US8610251048,BLY2FB4,Stock Yards Bancorp Inc.,USD,5289,0.039293,United States,78.150,Financials,Banks,361228.200000
US9570901036,2950374,Westamerica Bancorporation,USD,6913,0.039108,United States,59.510,Financials,Banks,359530.340000
US4579852082,2248693,Integra LifeSciences Holdings Corporation,USD,22775,0.039079,United States,18.050,Health Care,Health Care Equipment & Supplies,359264.780000
US26142V1052,BLDDH12,DraftKings Inc. Class A,USD,15823,0.038943,United States,25.890,Consumer Discretionary,Hotels Restaurants & Leisure,358013.940000
US66765N1054,BFNR303,Northwest Natural Holding Co.,USD,8217,0.038845,United States,49.730,Utilities,Gas Utilities,357117.220000
US00653Q1022,BKDRF35,AdaptHealth Corp.,USD,37934,0.038802,United States,10.760,Health Care,Health Care Providers & Services,356713.880000
US0545402085,BD420Q8,Axcelis Technologies Inc.,USD,2817,0.038696,United States,144.500,Information Technology,Semiconductors & Semiconductor Equipment,355740.840000
US2942681071,2597748,ePlus inc.,USD,5009,0.038484,United States,80.820,Information Technology,Electronic Equipment Instruments & Components,353792.780000
US7843051043,2811932,H2O America,USD,6476,0.038427,United States,62.420,Utilities,Water Utilities,353272.380000
US8115431079,2786687,Seaboard Corporation,USD,93,0.038344,United States,4337.150,Consumer Staples,Food Products,352505.940000
US3738651047,2502151,German American Bancorp Inc.,USD,8461,0.038286,United States,47.600,Financials,Banks,351971.660000
US25432X1028,BMFZ702,Dime Commercial Bancshares Inc.,USD,9959,0.038162,United States,40.310,Financials,Banks,350838.800000
US9011091082,2681760,Tutor Perini Corporation,USD,5224,0.038114,United States,76.750,Industrials,Construction & Engineering,350397.200000
US7403674044,2763602,Preferred Bank,USD,3735,0.038048,United States,107.160,Financials,Banks,349785.970000
US81725T1007,2923741,Sensient Technologies Corporation,USD,3212,0.038012,United States,124.490,Materials,Chemicals,349453.220000
US1653031088,2190750,Chesapeake Utilities Corporation,USD,3198,0.038001,United States,125.000,Utilities,Gas Utilities,349355.470000
US40416E1038,BBN23F5,HCI Group Inc.,USD,2184,0.037919,United States,182.640,Financials,Insurance,348600.160000
US4435731009,BR4T3B3,HubSpot Inc.,USD,2074,0.037878,United States,192.120,Information Technology,Software,348225.340000
US29430C1027,BP5JNQ3,Vestis Corporation,USD,27903,0.037878,United States,14.280,Industrials,Commercial Services & Supplies,348223.600000
US9858171054,B7KCD72,Yelp Inc.,USD,14916,0.037604,United States,26.520,Communication Services,Interactive Media & Services,345704.440000
US10948C1071,BG0ZML1,BrightView Holdings Inc.,USD,27389,0.037493,United States,14.400,Industrials,Commercial Services & Supplies,344681.280000
US4330001060,BN46048,Hims & Hers Health Inc. Class A,USD,10678,0.037355,United States,36.800,Health Care,Health Care Providers & Services,343413.030000
PR30040P1032,B7KY3Z6,EVERTEC Inc.,USD,13261,0.037352,United States,29.630,Financials,Financial Services,343389.470000
US83001C1080,BPBPD09,Six Flags Entertainment Corporation,USD,18709,0.037331,United States,20.990,Consumer Discretionary,Hotels Restaurants & Leisure,343195.900000
US74982T1034,BN6QSL9,RXO Inc.,USD,14745,0.037299,United States,26.610,Industrials,Ground Transportation,342900.970000
US0576652004,2072074,Balchem Corp,USD,2311,0.037083,United States,168.800,Materials,Chemicals,340919.200000
US12510Q1004,BP4CXL8,CCC Intelligent Solutions Holdings Inc,USD,69876,0.037066,United States,5.580,Information Technology,Software,340754.250000
US50060P1066,B0X46B1,Koppers Holdings Inc.,USD,8430,0.037032,United States,46.210,Materials,Chemicals,340441.600000
US0024741045,2067672,AZZ Inc.,USD,2591,0.036948,United States,150.010,Industrials,Building Products,339677.440000
US8678921011,B034LG1,Sunstone Hotel Investors Inc.,USD,34066,0.036853,United States,11.380,Real Estate,Hotel & Resort Reits,338799.280000
US70438V1061,BKM4N88,Paylocity Holding Corp.,USD,3357,0.036731,United States,115.100,Industrials,Professional Services,337680.300000
US69753M1053,BJYLZK6,Palomar Holdings Inc.,USD,2759,0.036719,United States,140.000,Financials,Insurance,337566.060000
US7244791007,2690506,Pitney Bowes Inc.,USD,22896,0.036609,United States,16.820,Industrials,Commercial Services & Supplies,336561.700000
US0113111076,2021634,Alamo Group Inc.,USD,2260,0.036577,United States,170.250,Industrials,Machinery,336259.530000
US52736R1023,BHRWS81,Levi Strauss & Co. Class A,USD,15718,0.036473,United States,24.410,Consumer Discretionary,Textiles Apparel & Luxury Goods,335308.160000
US20337X1090,BFRBX34,Vistance Networks Inc.,USD,31572,0.036466,United States,12.150,Information Technology,Communications Equipment,335241.220000
US3369011032,2341848,1st Source Corporation,USD,4670,0.036443,United States,82.090,Financials,Banks,335031.900000
US6247581084,B15RZR4,Mueller Water Products Inc. Class A,USD,15346,0.036427,United States,24.970,Industrials,Machinery,334882.750000
US88322Q1085,B828K63,TG Therapeutics Inc.,USD,7182,0.036397,United States,53.310,Health Care,Biotechnology,334605.560000
US68621T1025,BDFFBM9,Origin Bancorp Inc.,USD,7435,0.036308,United States,51.370,Financials,Banks,333787.130000
US5627501092,2239471,Manhattan Associates Inc.,USD,2528,0.036298,United States,151.040,Information Technology,Software,333693.750000
US7509401086,BTNMGM9,Ralliant Corporation,USD,5577,0.036242,United States,68.360,Information Technology,Electronic Equipment Instruments & Components,333182.200000
US4316361090,BNT8W21,Hillman Solutions Corp.,USD,46858,0.036170,United States,8.120,Industrials,Machinery,332520.800000
BMG762791017,BMW4NZ9,Roivant Sciences Ltd.,USD,10754,0.035913,United States,35.130,Health Care,Biotechnology,330162.130000
US1778351056,2161778,City Holding Company,USD,2791,0.035778,United States,134.850,Financials,Banks,328919.700000
US9152711001,2690636,Univest Financial Corporation,USD,8494,0.035633,United States,44.130,Financials,Banks,327585.940000
US72703H1014,BYSFJV8,Planet Fitness Inc. Class A,USD,6983,0.035481,United States,53.450,Consumer Discretionary,Hotels Restaurants & Leisure,326188.630000
US86881A1007,BYTC1B2,Surgery Partners Inc.,USD,21649,0.035459,United States,17.230,Health Care,Health Care Providers & Services,325988.440000
US9043111072,B0PZN11,Under Armour Inc. Class A,USD,56205,0.035424,United States,6.630,Consumer Discretionary,Textiles Apparel & Luxury Goods,325662.340000
US8101861065,2781518,Scotts Miracle-Gro Company Class A,USD,5407,0.035389,United States,68.850,Materials,Chemicals,325341.440000
US92828Q1094,B3KKGQ8,Virtus Investment Partners Inc.,USD,2449,0.035303,United States,151.640,Financials,Capital Markets,324550.000000
US64031N1081,2196190,Nelnet Inc. Class A,USD,2742,0.035257,United States,135.260,Financials,Consumer Finance,324127.500000
US1244111092,BD5G2C9,Byline Bancorp Inc.,USD,9841,0.035025,United States,37.440,Financials,Banks,321998.700000
US03763A2078,BX3SQS1,Astrana Health Inc.,USD,7489,0.035005,United States,49.170,Health Care,Health Care Providers & Services,321812.630000
US50012A1088,BQLSDK5,Kodiak Gas Services Inc.,USD,5412,0.034954,United States,67.940,Energy,Energy Equipment & Services,321338.250000
US1272031071,BF1GM16,Cactus Inc. Class A,USD,7281,0.034898,United States,50.420,Energy,Energy Equipment & Services,320828.470000
US63633D1046,2626125,National Health Investors Inc.,USD,4723,0.034791,United States,77.490,Real Estate,Health Care Reits,319847.280000
US7672921050,BD9F675,Riot Platforms Inc.,USD,16537,0.034758,United States,22.110,Information Technology,Software,319539.500000
US6710441055,2111579,OSI Systems Inc.,USD,1640,0.034573,United States,221.760,Information Technology,Electronic Equipment Instruments & Components,317838.220000
US26603R1068,BMCM6P4,Duolingo Inc. Class A,USD,2891,0.034562,United States,125.760,Consumer Discretionary,Diversified Consumer Services,317738.380000
US4771431016,2852760,JetBlue Airways Corporation,USD,60168,0.034433,United States,6.020,Industrials,Airlines,316549.160000
US90364P1057,BMD02L5,UiPath Inc. Class A,USD,30922,0.034422,United States,11.710,Information Technology,Software,316448.840000
US2922181043,B1Q1RR9,Employers Holdings Inc.,USD,6962,0.034368,United States,51.930,Financials,Insurance,315959.500000
US0298991011,2267171,American States Water Company,USD,4247,0.034220,United States,84.760,Utilities,Water Utilities,314595.340000
US7504911022,B1JNG19,RadNet Inc.,USD,5230,0.034181,United States,68.750,Health Care,Health Care Providers & Services,314234.220000
US9840171030,BVV6CY1,Xenia Hotels & Resorts Inc.,USD,17652,0.034148,United States,20.350,Real Estate,Hotel & Resort Reits,313933.300000
US0889291045,BRJTVC5,BGC Group Inc. Class A,USD,32553,0.034102,United States,11.020,Financials,Capital Markets,313510.220000
US70975L1070,BZ0V201,Penumbra Inc.,USD,1126,0.034100,United States,318.570,Health Care,Health Care Equipment & Supplies,313489.000000
US0375981091,2046176,Apogee Enterprises Inc.,USD,8837,0.034081,United States,40.570,Industrials,Building Products,313320.560000
US6802771005,2658429,Old Second Bancorp Inc.,USD,15416,0.034043,United States,23.230,Financials,Banks,312968.030000
US2925541029,2443078,Encore Capital Group Inc.,USD,3952,0.034041,United States,90.610,Financials,Consumer Finance,312947.970000
US00108J1097,BF5C2N2,ACM Research Inc. Class A,USD,3662,0.034035,United States,97.770,Information Technology,Semiconductors & Semiconductor Equipment,312898.160000
US87422Q1094,BRRF114,Talen Energy Corp,USD,981,0.034008,United States,364.670,Utilities,Independent Power And Renewable Electricity Producers,312642.600000
US3208661062,B016HX8,First Mid Bancshares Inc.,USD,7371,0.033956,United States,48.460,Financials,Banks,312168.340000
US8969452015,B6ZC3N6,TripAdvisor Inc.,USD,24973,0.033924,United States,14.290,Communication Services,Interactive Media & Services,311876.030000
US81761L1026,BKRT1C8,Service Properties Trust,USD,206051,0.033887,United States,1.730,Real Estate,Hotel & Resort Reits,311530.000000
US71363P1066,BKRQQR9,Perdoceo Education Corporation,USD,10347,0.033866,United States,34.430,Consumer Discretionary,Diversified Consumer Services,311336.840000
US26701L1008,BMWP7H2,Dutch Bros Inc. Class A,USD,4934,0.033846,United States,72.160,Consumer Discretionary,Hotels Restaurants & Leisure,311153.560000
US5679081084,2250353,MarineMax Inc.,USD,10315,0.033810,United States,34.480,Consumer Discretionary,Specialty Retail,310824.720000
US83304A1060,BD8DJ71,Snap Inc. Class A,USD,73428,0.033784,United States,4.840,Communication Services,Interactive Media & Services,310589.060000
US7433121008,2705198,Progress Software Corporation,USD,9231,0.033714,United States,38.420,Information Technology,Software,309945.380000
US6177001095,B081VR8,Morningstar Inc.,USD,2125,0.033521,United States,165.940,Financials,Capital Markets,308169.100000
US36164V8000,BRJW0G1,Liberty Capital Corporation Class C,USD,15658,0.033402,United States,22.440,Communication Services,Diversified Telecommunication Services,307070.600000
US0042391096,2566522,Acadia Realty Trust,USD,16515,0.033393,United States,21.270,Real Estate,Retail Reits,306990.630000
US9488491047,2946845,Weis Markets Inc.,USD,4377,0.033329,United States,80.100,Consumer Staples,Consumer Staples Distribution & Retail,306399.530000
US4586653044,B86V808,Interface Inc.,USD,9821,0.033302,United States,35.670,Industrials,Commercial Services & Supplies,306152.560000
US48238T1097,B4Y1MH7,OPENLANE Inc.,USD,8605,0.033211,United States,40.600,Industrials,Commercial Services & Supplies,305320.500000
NL0010556684,BCRY5H0,Expro Group Holdings N.V.,USD,24247,0.033146,United States,14.380,Energy,Energy Equipment & Services,304716.500000
US48282T1043,2769978,Kadant Inc.,USD,1127,0.033105,United States,309.000,Industrials,Machinery,304341.700000
US0565251081,2069128,Badger Meter Inc.,USD,2385,0.033072,United States,145.870,Information Technology,Electronic Equipment Instruments & Components,304041.880000
US2041491083,2706470,Community Trust Bancorp Inc.,USD,4781,0.033064,United States,72.750,Financials,Banks,303970.060000
US46124J2015,BKP4ZK1,InvenTrust Properties Corp,USD,9777,0.033060,United States,35.570,Real Estate,Retail Reits,303926.470000
US9043112062,BDF9YM2,Under Armour Inc. Class C,USD,53638,0.033041,United States,6.480,Consumer Discretionary,Textiles Apparel & Luxury Goods,303757.250000
US2536512021,BPLJQW4,Diebold Nixdorf Inc,USD,4176,0.033013,United States,83.160,Information Technology,Technology Hardware Storage & Peripherals,303496.780000
US2183521028,B00SCY1,Corcept Therapeutics Incorporated.,USD,3824,0.032793,United States,90.210,Health Care,Pharmaceuticals,301475.220000
US80689H1023,BYVN953,Schneider National Inc. Class B,USD,9628,0.032766,United States,35.800,Industrials,Ground Transportation,301229.970000
US33767U1079,BPQYJV4,FirstSun Capital Bancorp,USD,8838,0.032749,United States,38.980,Financials,Banks,301075.130000
US1143401024,2145460,Azenta Inc.,USD,13326,0.032734,United States,25.840,Health Care,Life Sciences Tools & Services,300934.100000
US87157D1090,2839268,Synaptics Incorporated,USD,2878,0.032699,United States,119.520,Information Technology,Semiconductors & Semiconductor Equipment,300614.840000
US50077B2079,2512149,Kratos Defense & Security Solutions Inc.,USD,6212,0.032686,United States,55.350,Industrials,Aerospace & Defense,300488.660000
US3580391056,BS7K7M9,Freshpet Inc,USD,6095,0.032667,United States,56.380,Consumer Staples,Food Products,300315.600000
CA67000B1040,BD8S5H8,Novanta Inc,USD,2113,0.032484,United States,161.720,Information Technology,Electronic Equipment Instruments & Components,298636.100000
US0050981085,BD3WG50,Acushnet Holdings Corp.,USD,2904,0.032454,United States,117.560,Consumer Discretionary,Leisure Products,298356.340000
US0067391062,B55BN47,Addus HomeCare Corporation,USD,3245,0.032443,United States,105.170,Health Care,Health Care Providers & Services,298253.560000
US16934Q8024,BN13RW9,Chimera Investment Corporation,USD,25963,0.032381,United States,13.120,Financials,Mortgage Real Estate Investment Trusts (Reits),297692.400000
US9129321009,BSNMCG8,Uniti Group Inc.,USD,31668,0.032362,United States,10.750,Communication Services,Diversified Telecommunication Services,297514.530000
GG00BMGYLN96,BMHLZ26,Burford Capital Limited,USD,78799,0.031911,United States,4.260,Financials,Financial Services,293365.720000
US86722A1034,B3R0638,SunCoke Energy Inc.,USD,42881,0.031877,United States,7.820,Materials,Metals & Mining,293056.100000
US69007J3041,BTFK8V4,OUTFRONT Media Inc.,USD,10200,0.031862,United States,32.860,Real Estate,Specialized Reits,292918.500000
US35086T1097,BZ16HK0,Four Corners Property Trust Inc.,USD,13270,0.031676,United States,25.110,Real Estate,Specialized Reits,291203.600000
US1985161066,2229126,Columbia Sportswear Company,USD,5250,0.031602,United States,63.320,Consumer Discretionary,Textiles Apparel & Luxury Goods,290522.160000
US46269C1027,B2QH310,Iridium Communications Inc.,USD,6177,0.031562,United States,53.750,Communication Services,Diversified Telecommunication Services,290158.400000
US63845R1077,BYP71H7,National Vision Holdings Inc.,USD,16777,0.031514,United States,19.760,Consumer Discretionary,Specialty Retail,289721.220000
US0116421050,BYN7H26,Alarm.com Holdings Inc.,USD,6668,0.031497,United States,49.690,Information Technology,Software,289563.380000
US7201902068,B3M3278,Piedmont Realty Trust Inc Class A,USD,34342,0.031373,United States,9.610,Real Estate,Office Reits,288421.780000
MHY2106R1100,BM4QJF5,Dorian LPG Ltd.,USD,9153,0.031332,United States,36.010,Energy,Oil Gas & Consumable Fuels,288048.500000
US42722X1063,2619880,Heritage Financial Corporation,USD,11066,0.031243,United States,29.700,Financials,Banks,287227.630000
US8542311076,2840174,Standex International Corporation,USD,1002,0.031230,United States,327.870,Industrials,Machinery,287110.100000
US15118V2079,B19HX21,Celsius Holdings Inc.,USD,9887,0.031166,United States,33.160,Consumer Staples,Beverages,286522.100000
US45781M1018,BDDXF67,Innoviva Inc.,USD,14672,0.031117,United States,22.310,Health Care,Pharmaceuticals,286067.130000
US8754651060,2874582,Tanger Inc.,USD,8277,0.031103,United States,39.530,Real Estate,Retail Reits,285942.560000
US45688C1071,BD4LHG4,Ingevity Corporation,USD,4513,0.031099,United States,72.490,Materials,Chemicals,285905.470000
US1264021064,BYQD1J6,CSW Industrials Inc.,USD,1180,0.030973,United States,276.120,Industrials,Building Products,284746.880000
US34965K1079,BRXYZ57,Fortrea Holdings Inc.,USD,18836,0.030941,United States,17.280,Health Care,Life Sciences Tools & Services,284453.660000
US4131971040,BKSGZN7,Harmony Biosciences Holdings Inc.,USD,8716,0.030872,United States,37.260,Health Care,Pharmaceuticals,283817.470000
US1940145022,BJLTMX5,Enovis Corporation,USD,14426,0.030856,United States,22.500,Health Care,Health Care Equipment & Supplies,283666.160000
US6404911066,2630085,Neogen Corp,USD,34638,0.030754,United States,9.340,Health Care,Health Care Equipment & Supplies,282734.470000
US29249E1091,BNZFTG9,Enact Holdings Inc,USD,7133,0.030744,United States,45.340,Financials,Financial Services,282639.470000
US5116561003,2537528,Lakeland Financial Corporation,USD,5182,0.030739,United States,62.400,Financials,Banks,282592.780000
US5138471033,2503206,Marzetti Company,USD,2791,0.030721,United States,115.790,Consumer Staples,Food Products,282429.440000
US25401T6038,BPW6ZP0,DigitalBridge Group Inc. Class A,USD,20445,0.030669,United States,15.780,Financials,Capital Markets,281950.700000
US45579U1097,BTZRLN8,Indivior Pharmaceuticals Inc.,USD,8100,0.030646,United States,39.800,Health Care,Pharmaceuticals,281739.130000
US1559231055,BMDPVF7,Centuri Holdings Inc.,USD,11768,0.030641,United States,27.390,Industrials,Construction & Engineering,281691.500000
US90385V1070,B00G0F2,Ultra Clean Holdings Inc.,USD,3025,0.030618,United States,106.475,Information Technology,Semiconductors & Semiconductor Equipment,281482.970000
US6402683063,BVDKG05,Nektar Therapeutics,USD,4532,0.030606,United States,71.040,Health Care,Pharmaceuticals,281366.220000
US78646V1070,BMDBB99,Safehold Inc.,USD,19602,0.030541,United States,16.390,Real Estate,Specialized Reits,280774.970000
US2074101013,2216010,CONMED Corporation,USD,9435,0.030343,United States,33.830,Health Care,Health Care Equipment & Supplies,278947.840000
US0042251084,2713317,ACADIA Pharmaceuticals Inc.,USD,12263,0.030274,United States,25.970,Health Care,Biotechnology,278322.130000
US9821041012,BS70KN1,Worthington Steel Inc.,USD,9945,0.030272,United States,32.020,Materials,Metals & Mining,278294.880000
US70451X1046,BLSPX60,Payoneer Global Inc.,USD,44899,0.030262,United States,7.090,Financials,Financial Services,278203.130000
US0123481089,2012757,Albany International Corp. Class A,USD,4317,0.030118,United States,73.390,Industrials,Machinery,276884.100000
US36472T1097,BKPH157,USA TODAY Co. Inc.,USD,35622,0.029901,United States,8.830,Communication Services,Media,274889.440000
US21044C1071,BDT5M66,Construction Partners Inc. Class A,USD,2911,0.029864,United States,107.920,Industrials,Construction & Engineering,274551.130000
US76171L1061,BKV9674,Reynolds Consumer Products Inc,USD,11498,0.029708,United States,27.180,Consumer Staples,Household Products,273118.300000
US84470P1093,2485876,Southside Bancshares Inc.,USD,8950,0.029693,United States,34.900,Financials,Banks,272977.940000
US4104952043,B6TPXR5,Hanmi Financial Corporation,USD,9608,0.029675,United States,32.490,Financials,Banks,272810.970000
US55826T1025,BM8MM05,Sphere Entertainment Co. Class A,USD,1905,0.029661,United States,163.790,Communication Services,Entertainment,272685.100000
US1124631045,B0PZN33,Brookdale Senior Living Inc.,USD,19629,0.029613,United States,15.870,Health Care,Health Care Providers & Services,272241.400000
US8292421067,BRJX4J5,Sinclair Inc. Class A,USD,20190,0.029596,United States,15.420,Communication Services,Media,272081.970000
US8308791024,2814210,SkyWest Inc,USD,3213,0.029591,United States,96.880,Industrials,Airlines,272034.470000
US53803X1054,BYN5Z59,Live Oak Bancshares Inc.,USD,7534,0.029400,United States,41.050,Financials,Banks,270282.470000
US18452B2097,BJDRX78,Cleanspark Inc.,USD,24470,0.029356,United States,12.620,Information Technology,Software,269881.030000
US1699051066,2106780,Choice Hotels International Inc.,USD,2736,0.029226,United States,112.370,Consumer Discretionary,Hotels Restaurants & Leisure,268686.300000
US4583341098,2473150,Interparfums Inc.,USD,2574,0.029214,United States,119.390,Consumer Staples,Personal Care Products,268568.780000
US60786M1053,BLG38Q1,Moelis & Co. Class A,USD,4481,0.029201,United States,68.550,Financials,Capital Markets,268448.800000
US55955D1000,BLPNRR6,Magnite Inc.,USD,15049,0.029155,United States,20.380,Communication Services,Media,268034.600000
US91359V1070,2912374,Universal Insurance Holdings Inc.,USD,7114,0.029086,United States,43.010,Financials,Insurance,267400.560000
US88076W1036,B247H10,Teradata Corporation,USD,8831,0.029013,United States,34.560,Information Technology,Software,266724.380000
US29082K1051,BMXWYR1,Embecta Corporation,USD,90755,0.028902,United States,3.350,Health Care,Health Care Equipment & Supplies,265701.750000
US55272X6076,BMZM2X1,MFA Financial Inc.,USD,32023,0.028859,United States,9.480,Financials,Mortgage Real Estate Investment Trusts (Reits),265307.440000
US12326C1053,BF5HDJ0,Business First Bancshares Inc.,USD,9906,0.028853,United States,30.640,Financials,Banks,265256.560000
US5184151042,2506658,Lattice Semiconductor Corporation,USD,2221,0.028826,United States,136.530,Information Technology,Semiconductors & Semiconductor Equipment,265006.000000
US01625V1044,BNNLSZ1,Alignment Healthcare Inc.,USD,12728,0.028797,United States,23.800,Health Care,Health Care Providers & Services,264737.900000
US60471A1016,BMG3PQ7,Mirion Technologies Inc. Class A,USD,17397,0.028743,United States,17.380,Information Technology,Electronic Equipment Instruments & Components,264242.800000
US78648T1007,2958538,Safety Insurance Group Inc.,USD,3879,0.028567,United States,77.470,Financials,Insurance,262622.780000
US6359061008,2139731,National HealthCare Corporation,USD,1372,0.028490,United States,218.440,Health Care,Health Care Providers & Services,261918.000000
US1005571070,2113393,Boston Beer Company Inc. Class A,USD,1631,0.028470,United States,183.620,Consumer Staples,Beverages,261729.690000
US3023011063,2326287,EZCORP Inc. Class A,USD,8394,0.028399,United States,35.590,Financials,Consumer Finance,261081.450000
US92337F1075,BFTWZY0,Veracyte Inc.,USD,5224,0.028346,United States,57.080,Health Care,Biotechnology,260595.100000
US26154D1000,BMFZ3F9,Dream Finders Homes Inc. Class A,USD,17756,0.028340,United States,16.790,Consumer Discretionary,Household Durables,260540.310000
US5873761044,2620257,Mercantile Bank Corporation,USD,5154,0.028324,United States,57.810,Financials,Banks,260391.300000
US42330P1075,2037062,Helix Energy Solutions Group Inc.,USD,34764,0.028223,United States,8.540,Energy,Energy Equipment & Services,259457.770000
US2540671011,2269768,Dillard's Inc. Class A,USD,541,0.028142,United States,547.210,Consumer Discretionary,Broadline Retail,258720.220000
US37253A1034,B8JFD24,Gentherm Incorporated,USD,8719,0.028081,United States,33.880,Consumer Discretionary,Automobile Components,258160.110000
US10316T1043,BVB3BV2,Box Inc. Class A,USD,10574,0.028035,United States,27.890,Information Technology,Software,257731.130000
US4219061086,2417619,Healthcare Services Group Inc.,USD,11722,0.028025,United States,25.150,Industrials,Commercial Services & Supplies,257643.250000
US4074971064,BF0SR29,Hamilton Lane Incorporated Class A,USD,3696,0.028024,United States,79.760,Financials,Capital Markets,257629.860000
US9780971035,2977500,Wolverine World Wide Inc.,USD,17817,0.027997,United States,16.530,Consumer Discretionary,Textiles Apparel & Luxury Goods,257386.950000
US08265T2087,BMC1PR6,Bentley Systems Incorporated Class B,USD,9106,0.027925,United States,32.260,Information Technology,Software,256726.720000
US57686G1058,B8GNC91,Matson Inc.,USD,1443,0.027919,United States,203.530,Industrials,Marine Transportation,256669.230000
US3847471014,BSLSSX7,GRAIL Inc,USD,4247,0.027902,United States,69.110,Health Care,Biotechnology,256508.780000
US52661A1088,BNSNZQ2,Leonardo DRS Inc.,USD,6705,0.027867,United States,43.720,Industrials,Aerospace & Defense,256187.560000
US5893781089,2144047,Mercury Systems Inc.,USD,2321,0.027847,United States,126.210,Industrials,Aerospace & Defense,256004.720000
US78463M1071,B57VWJ3,SPS Commerce Inc.,USD,4958,0.027838,United States,59.065,Information Technology,Software,255926.800000
US98980F1049,BMWF095,ZoomInfo Technologies Inc,USD,97487,0.027709,United States,2.990,Communication Services,Interactive Media & Services,254739.890000
US64115T1043,2447285,NetScout Systems Inc.,USD,7113,0.027676,United States,40.930,Information Technology,Communications Equipment,254433.100000
US05589G1022,BKTPCS7,Baldwin Insurance Group Inc. Class A,USD,10173,0.027474,United States,28.410,Financials,Insurance,252580.230000
US14888U1016,B1G7Q03,Catalyst Pharmaceuticals Inc.,USD,9178,0.027440,United States,31.450,Health Care,Biotechnology,252259.640000
US28852N1090,BJ7MB31,Ellington Financial Inc.,USD,21322,0.027303,United States,13.470,Financials,Mortgage Real Estate Investment Trusts (Reits),251000.520000
US2041661024,B142B38,Commvault Systems Inc.,USD,1914,0.027289,United States,149.980,Information Technology,Software,250873.250000
US5917741044,BDBRDR8,Metropolitan Bank Holding Corp.,USD,2904,0.027200,United States,98.530,Financials,Banks,250059.950000
US81282V1008,B84KWJ4,United Parks & Resorts Inc.,USD,5905,0.027191,United States,48.440,Consumer Discretionary,Hotels Restaurants & Leisure,249978.750000
US0003602069,2268130,AAON Inc.,USD,2657,0.027183,United States,107.620,Industrials,Building Products,249898.470000
US6378701063,BWWCK85,National Storage Affiliates Trust,USD,6196,0.027118,United States,46.040,Real Estate,Specialized Reits,249302.020000
US5021751020,2498788,LTC Properties Inc.,USD,7261,0.027113,United States,39.280,Real Estate,Health Care Reits,249256.770000
US42806J7000,BNM5672,Hertz Global Holdings Inc,USD,133249,0.026854,United States,2.120,Industrials,Ground Transportation,246875.980000
BMG6359F1370,BK953M8,Nabors Industries Ltd.,USD,3626,0.026838,United States,77.860,Energy,Energy Equipment & Services,246729.610000
US9103401082,B4WXG84,United Fire Group Inc.,USD,5222,0.026772,United States,53.930,Financials,Insurance,246119.690000
US1261281075,2619705,CNB Financial Corporation,USD,8351,0.026745,United States,33.690,Financials,Banks,245877.340000
US2921041065,BF321D7,Empire State Realty Trust Inc. Class A,USD,49312,0.026673,United States,5.690,Real Estate,Office Reits,245213.270000
US19459J1043,BX7RSN3,Collegium Pharmaceutical Inc.,USD,7564,0.026626,United States,37.030,Health Care,Pharmaceuticals,244784.730000
US91688F1049,BGRFWV4,Upwork Inc.,USD,30551,0.026603,United States,9.160,Industrials,Professional Services,244568.170000
US69343T1079,BYNWB63,PJT Partners Inc. Class A,USD,1715,0.026573,United States,162.990,Financials,Capital Markets,244289.130000
US00510N1028,BMCG195,TIC Solutions Inc.,USD,34331,0.026468,United States,8.110,Industrials,Professional Services,243324.800000
US8036071004,B8DPDT7,Sarepta Therapeutics Inc.,USD,14416,0.026422,United States,19.280,Health Care,Biotechnology,242901.880000
US4660321096,2469171,J & J Snack Foods Corp.,USD,3659,0.026407,United States,75.920,Consumer Staples,Food Products,242771.500000
US4474621020,B018V76,Huron Consulting Group Inc.,USD,2857,0.026388,United States,97.160,Industrials,Professional Services,242592.200000
US25862V1052,BMDX9Z7,DoubleVerify Holdings Inc.,USD,24119,0.026230,United States,11.440,Communication Services,Media,241137.280000
US6988131024,2696117,Papa John's International Inc.,USD,7663,0.026093,United States,35.820,Consumer Discretionary,Hotels Restaurants & Leisure,239885.200000
US44951W1062,BD978B9,IES Holdings Inc.,USD,419,0.026050,United States,654.000,Industrials,Construction & Engineering,239480.880000
US25525P1075,BKRN595,Diversified Healthcare Trust,USD,29593,0.025966,United States,9.230,Real Estate,Health Care Reits,238709.530000
US01749D1054,BN4LSB6,Allegro MicroSystems Inc.,USD,4921,0.025956,United States,55.485,Information Technology,Semiconductors & Semiconductor Equipment,238620.640000
US1417881091,BF5D6S8,CarGurus Inc. Class A,USD,7525,0.025924,United States,36.240,Communication Services,Interactive Media & Services,238327.280000
US47103N1063,BKPG0T1,Janus International Group Inc.,USD,50901,0.025887,United States,5.350,Industrials,Building Products,237990.230000
US1314281049,BPLZLN8,Calumet Inc.,USD,7456,0.025814,United States,36.420,Energy,Oil Gas & Consumable Fuels,237314.840000
GB00BYMT0J19,BYMT0J1,LivaNova Plc,USD,3244,0.025787,United States,83.620,Health Care,Health Care Equipment & Supplies,237066.450000
US03762U1051,B4JTYX6,Apollo Commercial Real Estate Finance Inc.,USD,26093,0.025772,United States,10.390,Financials,Mortgage Real Estate Investment Trusts (Reits),236929.230000
US55405Y1001,B5B15Y5,MACOM Technology Solutions Holdings Inc.,USD,841,0.025764,United States,322.260,Information Technology,Semiconductors & Semiconductor Equipment,236854.400000
US9037311076,BPW6WJ3,UL Solutions Inc. Class A,USD,2794,0.025761,United States,96.990,Industrials,Professional Services,236827.660000
US34986A1043,BTJZB05,Forward Air Corporation,USD,20125,0.025732,United States,13.450,Industrials,Air Freight & Logistics,236557.780000
US58844R1086,BYZ1PQ6,Merchants Bancorp,USD,5542,0.025720,United States,48.820,Financials,Financial Services,236452.200000
US3202181000,2362515,First Financial Corporation,USD,3485,0.025516,United States,77.020,Financials,Banks,234576.950000
US9741551033,BYYXHN4,Wingstop Inc.,USD,1508,0.025516,United States,177.990,Consumer Discretionary,Hotels Restaurants & Leisure,234571.920000
US8803451033,2883641,Tennant Company,USD,3067,0.025505,United States,87.480,Industrials,Machinery,234477.770000
US42328H1095,BK8MDM0,Helios Technologies Inc.,USD,3253,0.025478,United States,82.390,Industrials,Machinery,234227.360000
US60741F1049,BLFH8G4,Mobileye Global Inc. Class A,USD,27968,0.025444,United States,9.570,Consumer Discretionary,Automobile Components,233911.970000
US1330341082,2116659,Camden National Corporation,USD,4885,0.025346,United States,54.580,Financials,Banks,233011.400000
US81617J3014,BDHSLL5,Select Water Solutions Inc. Class A,USD,14803,0.025316,United States,17.990,Energy,Energy Equipment & Services,232734.060000
US23128Q1013,BSNR2T6,Curbline Properties Corp.,USD,8757,0.025257,United States,30.340,Real Estate,Retail Reits,232193.470000
US2333774071,2276627,DXP Enterprises Inc.,USD,1674,0.025140,United States,157.980,Industrials,Trading Companies & Distributors,231119.500000
US2689481065,2648055,Eagle Bancorp Inc.,USD,9582,0.025131,United States,27.590,Financials,Banks,231039.860000
US4491721050,B7LG306,Hyster-Yale Inc. Class A,USD,8217,0.024988,United States,31.990,Industrials,Machinery,229724.110000
US0462241011,2060370,Astec Industries Inc.,USD,4554,0.024918,United States,57.560,Industrials,Machinery,229083.000000
US44812J1043,BQQ8816,Hut 8 Corp.,USD,2690,0.024840,United States,97.140,Information Technology,Software,228364.950000
US5057431042,BJ367P1,Ladder Capital Corp. Class A,USD,25923,0.024668,United States,10.010,Financials,Mortgage Real Estate Investment Trusts (Reits),226776.690000
US89679E3009,BS7T2S7,Triumph Financial Inc.,USD,3362,0.024612,United States,77.010,Financials,Banks,226268.420000
US6914973093,2665300,Oxford Industries Inc.,USD,7418,0.024596,United States,34.880,Consumer Discretionary,Textiles Apparel & Luxury Goods,226121.780000
US8536661056,2838306,Standard Motor Products Inc.,USD,6807,0.024544,United States,37.930,Consumer Discretionary,Automobile Components,225640.810000
US0953061068,BW0FQV1,Blue Bird Corporation,USD,3380,0.024445,United States,76.080,Industrials,Machinery,224732.720000
US8901101092,2888613,Tompkins Financial Corporation,USD,2696,0.024229,United States,94.540,Financials,Banks,222748.380000
US0240131047,B3NTLD4,American Assets Trust Inc.,USD,9938,0.024100,United States,25.510,Real Estate,Diversified Reits,221558.560000
US14057J1016,B3KWJV0,Capitol Federal Financial Inc.,USD,29793,0.023932,United States,8.450,Financials,Banks,220013.840000
US64049M2098,2598246,NeoGenomics Inc.,USD,16599,0.023922,United States,15.160,Health Care,Health Care Providers & Services,219917.720000
US63945M1071,BQT2053,NB Bancorp Inc.,USD,11861,0.023836,United States,21.140,Financials,Banks,219131.770000
US44980X1090,2698782,IPG Photonics Corporation,USD,2381,0.023827,United States,105.270,Information Technology,Electronic Equipment Instruments & Components,219049.900000
US3463751087,2891826,FormFactor Inc.,USD,2018,0.023709,United States,123.590,Information Technology,Semiconductors & Semiconductor Equipment,217963.390000
US68571X3017,BMYSHK2,Orchid Island Capital Inc.,USD,36028,0.023700,United States,6.920,Financials,Mortgage Real Estate Investment Trusts (Reits),217883.980000
US27616P3010,BTTRRD6,Easterly Government Properties Inc,USD,9688,0.023521,United States,25.540,Real Estate,Office Reits,216239.030000
US3742971092,2698146,Getty Realty Corp.,USD,7199,0.023501,United States,34.340,Real Estate,Retail Reits,216048.640000
US03209R1032,BNFWZS4,Amphastar Pharmaceuticals Inc.,USD,12541,0.023414,United States,19.640,Health Care,Pharmaceuticals,215254.730000
US4972661064,2493534,Kirby Corporation,USD,1890,0.023328,United States,129.840,Industrials,Marine Transportation,214461.520000
US8684591089,B72ZBG4,Supernus Pharmaceuticals Inc.,USD,5103,0.023309,United States,48.050,Health Care,Pharmaceuticals,214288.080000
US7751331015,2746700,Rogers Corporation,USD,1698,0.023228,United States,143.900,Information Technology,Electronic Equipment Instruments & Components,213539.160000
BSP736841136,BJY21L2,OneSpaWorld Holdings Ltd.,USD,8518,0.023223,United States,28.680,Consumer Discretionary,Diversified Consumer Services,213499.020000
GB00BJT16S69,BJT16S6,Tronox Holdings Plc,USD,39222,0.023154,United States,6.210,Materials,Chemicals,212863.110000
US74340E1038,BKWD3M9,Progyny Inc.,USD,8045,0.023112,United States,30.220,Health Care,Health Care Providers & Services,212470.940000
US25787G1004,BYND5T7,Donnelley Financial Solutions Inc.,USD,5249,0.023058,United States,46.210,Financials,Capital Markets,211978.390000
US68213N1090,2789523,Omnicell Inc.,USD,5635,0.023050,United States,43.030,Health Care,Health Care Equipment & Supplies,211906.520000
US3096271073,B019BK2,Farmers National Banc Corp.,USD,16535,0.023012,United States,14.640,Financials,Banks,211555.520000
US9818111026,2981932,Worthington Enterprises Inc.,USD,4435,0.023007,United States,54.570,Industrials,Machinery,211507.920000
US8070661058,2779234,Scholastic Corporation,USD,5210,0.022986,United States,46.410,Communication Services,Media,211314.060000
US3462321015,BF16ZX9,Forestar Group Inc.,USD,7837,0.022946,United States,30.800,Real Estate,Real Estate Management & Development,210950.030000
US8983492047,BN0ZBP7,TrustCo Bank Corp NY,USD,4415,0.022890,United States,54.540,Financials,Banks,210438.380000
CH0334081137,BDHF4K6,CRISPR Therapeutics AG,USD,4005,0.022874,United States,60.080,Health Care,Biotechnology,210286.560000
US7069151055,BRJHSZ1,Penguin Solutions Incorporation,USD,3911,0.022854,United States,61.470,Information Technology,Semiconductors & Semiconductor Equipment,210101.950000
US00676P1075,BPMQ8J5,Adeia Inc.,USD,8217,0.022801,United States,29.190,Information Technology,Software,209616.970000
US02215L2097,BLPNQJ1,Kinetik Holdings Inc. Class A,USD,5015,0.022764,United States,47.750,Energy,Oil Gas & Consumable Fuels,209277.900000
US3932221043,B11FJD6,Green Plains Inc.,USD,15428,0.022747,United States,15.510,Energy,Oil Gas & Consumable Fuels,209122.380000
US6951271005,B3X26D8,Pacira Biosciences Inc.,USD,9420,0.022736,United States,25.390,Health Care,Pharmaceuticals,209022.310000
US0235761014,BKDSMB5,Amerant Bancorp Inc. Class A,USD,9423,0.022726,United States,25.370,Financials,Banks,208924.190000
US53220K5048,2501578,Ligand Pharmaceuticals Incorporated,USD,747,0.022692,United States,319.550,Health Care,Pharmaceuticals,208611.610000
US03770N1019,BM9HHL5,Apogee Therapeutics Inc.,USD,1787,0.022578,United States,132.910,Health Care,Biotechnology,207568.420000
US7476191041,B2QXCJ9,Quanex Building Products Corporation,USD,13883,0.022541,United States,17.080,Industrials,Building Products,207228.860000
US06211J1007,BNZLBS3,Bank First Corp,USD,1558,0.022483,United States,151.800,Financials,Banks,206689.440000
US90187B8046,BP9S504,Two Harbors Investment Corp.,USD,19533,0.022412,United States,12.070,Financials,Mortgage Real Estate Investment Trusts (Reits),206041.770000
US3793782018,BZCFW78,Global Net Lease Inc,USD,25590,0.022405,United States,9.210,Real Estate,Diversified Reits,205972.380000
US12662P1084,B23PS12,CVR Energy Inc.,USD,8245,0.022322,United States,28.480,Energy,Oil Gas & Consumable Fuels,205215.280000
US30212W1009,BDH2902,AGNT Inc.,USD,44086,0.022296,United States,5.320,Real Estate,Real Estate Management & Development,204970.520000
US03168L1052,BFNF1D6,Amneal Pharmaceuticals Inc. Class A,USD,13629,0.022220,United States,17.150,Health Care,Pharmaceuticals,204271.220000
US9180901012,BL989M6,UTZ Brands Inc. Class A,USD,28241,0.022202,United States,8.270,Consumer Staples,Food Products,204110.190000
US5006881065,BHK15K6,Kosmos Energy Ltd.,USD,112740,0.022185,United States,2.070,Energy,Oil Gas & Consumable Fuels,203951.750000
US35243J1016,BN14T59,Franklin BSP Realty Trust Inc.,USD,28859,0.022139,United States,8.070,Financials,Mortgage Real Estate Investment Trusts (Reits),203532.550000
US40171V1008,B7JYSG3,Guidewire Software Inc.,USD,1729,0.022102,United States,134.470,Information Technology,Software,203188.660000
US35138V1026,BCRY5K3,Fox Factory Holding Corp.,USD,14078,0.022095,United States,16.510,Consumer Discretionary,Automobile Components,203126.750000
US33748L1017,BMDTR28,First Watch Restaurant Group Inc.,USD,17746,0.022082,United States,13.090,Consumer Discretionary,Hotels Restaurants & Leisure,203010.830000
US01748X1028,B15M2C3,Allegiant Travel Company,USD,1952,0.022021,United States,118.670,Industrials,Airlines,202441.630000
US16935C1099,BTCHBL9,Chime Financial Inc. Class A,USD,11093,0.022008,United States,20.870,Financials,Financial Services,202325.450000
US5355551061,2516613,Lindsay Corporation,USD,1889,0.021929,United States,122.120,Industrials,Machinery,201603.390000
US7194051022,2687315,Photronics Inc.,USD,7972,0.021871,United States,28.860,Information Technology,Semiconductors & Semiconductor Equipment,201067.880000
US74276R1023,BMDP209,Privia Health Group Inc.,USD,8391,0.021824,United States,27.360,Health Care,Health Care Providers & Services,200636.020000
US12135Y1082,BQ1PC32,Burke Herbert Financial Services Corp,USD,3262,0.021753,United States,70.150,Financials,Banks,199981.900000
US74006W2070,BQ721R4,Praxis Precision Medicines Inc.,USD,718,0.021740,United States,318.520,Health Care,Biotechnology,199866.600000
US26622P1075,BMD22Y4,Doximity Inc. Class A,USD,10461,0.021739,United States,21.860,Health Care,Health Care Technology,199849.220000
US1547604090,2230946,Central Pacific Financial Corp.,USD,5963,0.021699,United States,38.280,Financials,Banks,199487.560000
US5011471027,BD6JX35,Krystal Biotech Inc.,USD,607,0.021643,United States,375.070,Health Care,Biotechnology,198966.550000
US6873801053,B019FW2,Orrstown Financial Services Inc.,USD,5544,0.021526,United States,40.845,Financials,Banks,197897.900000
US2641471097,2283229,Ducommun Incorporated,USD,1204,0.021357,United States,186.600,Industrials,Aerospace & Defense,196343.810000
US49926D1090,BJTD9L6,Knowles Corp.,USD,6087,0.021283,United States,36.780,Information Technology,Electronic Equipment Instruments & Components,195656.400000
VGG6375R1073,BYZLFM2,National Energy Services Reunited Corp.,USD,7997,0.021210,United States,27.900,Energy,Energy Equipment & Services,194989.110000
US42727J1025,BMN9870,Heritage Insurance Holdings Inc.,USD,8178,0.021084,United States,27.120,Financials,Insurance,193827.720000
US1251411013,2011970,CECO Environmental Corp.,USD,2697,0.021062,United States,82.150,Industrials,Machinery,193627.750000
US8170705011,2781626,Seneca Foods Corporation Class A,USD,1196,0.020917,United States,183.980,Consumer Staples,Food Products,192300.690000
US14575E1055,BYXHTC0,Cars.com Inc.,USD,19357,0.020830,United States,11.320,Communication Services,Interactive Media & Services,191497.670000
US7391281067,2697422,Powell Industries Inc.,USD,885,0.020724,United States,246.330,Industrials,Electrical Equipment,190519.600000
US46590V1008,BD3BX01,JBG SMITH Properties,USD,14089,0.020719,United States,15.470,Real Estate,Office Reits,190480.080000
US1489291021,BRBD9F4,CAVA Group Inc.,USD,2832,0.020697,United States,76.880,Consumer Discretionary,Hotels Restaurants & Leisure,190276.730000
US2057683029,BD82PS1,Comstock Resources Inc.,USD,14804,0.020659,United States,14.680,Energy,Oil Gas & Consumable Fuels,189925.900000
US25402D1028,BNC23Q1,DigitalOcean Holdings Inc.,USD,1670,0.020659,United States,130.130,Information Technology,It Services,189921.000000
US7055731035,2675860,Pegasystems Inc.,USD,6996,0.020647,United States,31.045,Information Technology,Software,189810.630000
US09180C1062,2200552,BJ's Restaurants Inc.,USD,3678,0.020541,United States,58.750,Consumer Discretionary,Hotels Restaurants & Leisure,188842.030000
US69318J1007,2157175,PC Connection Inc.,USD,2983,0.020539,United States,72.430,Information Technology,Electronic Equipment Instruments & Components,188821.220000
US5771281012,2568090,Matthews International Corporation Class A,USD,8083,0.020508,United States,26.690,Consumer Discretionary,Diversified Consumer Services,188538.560000
US69354N1063,BSHZ3P9,PRA Group Inc.,USD,11586,0.020133,United States,18.280,Financials,Consumer Finance,185092.480000
US0226711010,BLR7B41,Amalgamated Financial Corp,USD,4590,0.020089,United States,46.040,Financials,Banks,184683.060000
US23834J2015,BPXYZZ3,Dave Inc. Class A,USD,545,0.020069,United States,387.360,Financials,Consumer Finance,184497.440000
US0008991046,B9NSBM2,ADMA Biologics Inc.,USD,23537,0.020025,United States,8.950,Health Care,Biotechnology,184099.750000
US04010E1091,2804501,Argan Inc.,USD,298,0.020004,United States,706.150,Industrials,Construction & Engineering,183904.480000
US9292361071,2944742,WD-40 Company,USD,855,0.019981,United States,245.830,Consumer Staples,Household Products,183687.700000
US74347M1080,BYXR9C0,ProPetro Holding Corp.,USD,17350,0.019940,United States,12.090,Energy,Energy Equipment & Services,183317.880000
US85256A1097,BM8BPB4,Stagwell Inc. Class A,USD,28154,0.019805,United States,7.400,Communication Services,Media,182075.250000
US4937321010,2746982,Kforce Inc.,USD,4084,0.019773,United States,50.930,Industrials,Professional Services,181776.810000
US9224171002,2938422,Veeco Instruments Inc.,USD,3606,0.019707,United States,57.490,Information Technology,Semiconductors & Semiconductor Equipment,181174.520000
US7046991078,2307732,Peapack-Gladstone Financial Corporation,USD,4355,0.019615,United States,47.380,Financials,Banks,180327.640000
US81730H1095,BP7L1B8,SentinelOne Inc. Class A,USD,11775,0.019600,United States,17.510,Information Technology,Software,180188.110000
US88025U1097,BKS3RS7,10x Genomics Inc Class A,USD,5282,0.019588,United States,39.010,Health Care,Life Sciences Tools & Services,180074.980000
US47248R1032,BV4K5N0,Jefferson Capital Inc.,USD,10946,0.019583,United States,18.820,Financials,Consumer Finance,180033.830000
US88688T2096,BSTKW77,Tilray Brands Inc.,USD,44425,0.019511,United States,4.620,Health Care,Pharmaceuticals,179369.450000
US0684631080,2082675,Barrett Business Services Inc.,USD,5413,0.019507,United States,37.910,Industrials,Professional Services,179337.400000
US8313491057,BT18HJ3,Slide Insurance Holdings Inc.,USD,9632,0.019457,United States,21.250,Financials,Insurance,178876.980000
US2976021046,2320825,Ethan Allen Interiors Inc.,USD,9385,0.019351,United States,21.690,Consumer Discretionary,Household Durables,177898.750000
US7602812049,2277114,Republic Bancorp Inc. Class A,USD,2221,0.019319,United States,91.500,Financials,Banks,177602.360000
US1184401065,2149934,Buckle Inc.,USD,4807,0.019279,United States,42.190,Consumer Discretionary,Specialty Retail,177240.390000
US4489475073,2757304,IDT Corporation Class B,USD,3440,0.019235,United States,58.820,Communication Services,Diversified Telecommunication Services,176832.690000
KYG4740B1059,BD2B5Y0,Ichor Holdings Ltd.,USD,2057,0.019206,United States,98.220,Information Technology,Semiconductors & Semiconductor Equipment,176568.520000
US56117J1007,BJ38KJ2,Malibu Boats Inc. Class A,USD,8049,0.019182,United States,25.070,Consumer Discretionary,Leisure Products,176349.940000
US9132591077,2925037,Unitil Corporation,USD,3749,0.019060,United States,53.480,Utilities,Multi-Utilities,175220.900000
US8433801060,2570501,Southern Missouri Bancorp Inc.,USD,2630,0.019011,United States,76.040,Financials,Banks,174774.050000
US66405S1006,BJXSDM6,Northeast Bank,USD,1487,0.019010,United States,134.480,Financials,Banks,174762.300000
US30214U1025,2330318,Exponent Inc.,USD,3273,0.018973,United States,60.980,Industrials,Professional Services,174426.520000
US8190471016,BV0LCR0,Shake Shack Inc. Class A,USD,3531,0.018955,United States,56.470,Consumer Discretionary,Hotels Restaurants & Leisure,174258.750000
US6837971042,B42G8D2,Oppenheimer Holdings Inc. Class A,USD,1820,0.018938,United States,109.460,Financials,Capital Markets,174102.860000
IE00BKYC3F77,BKYC3F7,Cimpress Plc,USD,2026,0.018801,United States,97.620,Industrials,Commercial Services & Supplies,172845.190000
US2927651040,BH3T5K7,Enerpac Tool Group Corp Class A,USD,5648,0.018722,United States,34.870,Industrials,Machinery,172117.770000
US15687V1098,BM9GT61,Certara Inc.,USD,28139,0.018644,United States,6.970,Health Care,Health Care Technology,171403.810000
US71601V1052,BNRQM83,Petco Health & Wellness Company Inc. Class A,USD,74837,0.018639,United States,2.620,Consumer Discretionary,Specialty Retail,171354.970000
US8004221078,2772998,John B. Sanfilippo & Son Inc.,USD,2161,0.018612,United States,90.600,Consumer Staples,Food Products,171104.730000
US4538386099,2492133,Independent Bank Corporation,USD,5410,0.018535,United States,36.040,Financials,Banks,170396.670000
US30069T1016,BN2QTD2,Excelerate Energy Inc. Class A,USD,5129,0.018523,United States,37.990,Energy,Oil Gas & Consumable Fuels,170286.840000
US29460X1090,BYZG9Q9,Equity Bancshares Inc. Class A,USD,3949,0.018481,United States,49.230,Financials,Banks,169901.030000
US31983A1034,2648710,First Community Bankshares Inc,USD,4300,0.018444,United States,45.120,Financials,Banks,169557.340000
US70614W1009,BJ7WJS2,Peloton Interactive Inc. Class A,USD,33634,0.018385,United States,5.750,Consumer Discretionary,Leisure Products,169015.080000
US5533681012,BN15Y35,MP Materials Corp Class A,USD,3624,0.018366,United States,53.310,Materials,Metals & Mining,168840.230000
US64119V3033,BMFLYL0,NETSTREIT Corp.,USD,8878,0.018280,United States,21.660,Real Estate,Retail Reits,168055.470000
US4202611095,2415594,Hawkins Inc.,USD,1386,0.018247,United States,138.490,Materials,Chemicals,167749.300000
US6496048405,BR4NQJ4,Adamas Trust Inc.,USD,20946,0.018199,United States,9.140,Financials,Mortgage Real Estate Investment Trusts (Reits),167311.720000
US69380Q1076,BPW6WD7,PACS Group Inc.,USD,4280,0.018097,United States,44.480,Health Care,Health Care Providers & Services,166374.830000
US1265011056,2239244,CTS Corporation,USD,3138,0.018047,United States,60.500,Information Technology,Electronic Equipment Instruments & Components,165915.660000
US9255501051,BYXB201,Viavi Solutions Inc,USD,4549,0.018015,United States,41.660,Information Technology,Communications Equipment,165620.560000
US31846B1089,BNKGY06,First Advantage Corp.,USD,9222,0.017998,United States,20.530,Industrials,Professional Services,165460.050000
US5582561032,BN71J76,Madison Square Garden Entertainment Corp.,USD,2398,0.017870,United States,78.390,Communication Services,Entertainment,164281.580000
US9026731029,2908652,UFP Technologies Inc.,USD,688,0.017813,United States,272.360,Health Care,Health Care Equipment & Supplies,163761.130000
US5012421013,2498001,Kulicke & Soffa Industries Inc.,USD,1541,0.017774,United States,121.330,Information Technology,Semiconductors & Semiconductor Equipment,163399.190000
US30226D1063,2407052,Extreme Networks Inc.,USD,6268,0.017756,United States,29.800,Information Technology,Communications Equipment,163239.140000
US18914F1030,BNQS7K7,Clover Health Investments Corp. Class A,USD,35481,0.017741,United States,5.260,Health Care,Health Care Providers & Services,163102.530000
US83192D4025,BMHSG57,SmartStop Self Storage REIT Inc.,USD,5432,0.017386,United States,33.670,Real Estate,Specialized Reits,159838.690000
US5730751089,2568357,Marten Transport Ltd.,USD,10404,0.017268,United States,17.460,Industrials,Ground Transportation,158753.610000
US8873991033,BNBPMX1,Metallus Inc.,USD,10367,0.017246,United States,17.500,Materials,Metals & Mining,158551.450000
US4577301090,BDT5KT5,Inspire Medical Systems Inc.,USD,3835,0.017116,United States,46.950,Health Care,Health Care Equipment & Supplies,157354.810000
US6090271072,2599197,Monarch Casino & Resort Inc.,USD,1370,0.016923,United States,129.940,Consumer Discretionary,Hotels Restaurants & Leisure,155575.970000
US09227Q1004,2458878,Blackbaud Inc.,USD,5884,0.016831,United States,30.090,Information Technology,Software,154729.780000
US63947X1019,BMC8TD1,nCino Inc,USD,9961,0.016808,United States,17.750,Information Technology,Software,154518.450000
US76680R2067,BDZCRX3,RingCentral Inc. Class A,USD,4414,0.016788,United States,40.010,Information Technology,Software,154340.520000
US02361E1082,B3SWPT2,Ameresco Inc. Class A,USD,6932,0.016738,United States,25.400,Industrials,Construction & Engineering,153876.160000
US9406101082,2942025,Washington Trust Bancorp Inc.,USD,4923,0.016642,United States,35.560,Financials,Banks,152992.690000
US90337L1089,2911166,U.S. Physical Therapy Inc.,USD,2414,0.016603,United States,72.350,Health Care,Health Care Providers & Services,152635.250000
US15643U1043,BQXKDH6,Centrus Energy Corp. Class A,USD,1077,0.016599,United States,162.130,Energy,Oil Gas & Consumable Fuels,152601.280000
US3909051076,2387002,Great Southern Bancorp Inc.,USD,2208,0.016546,United States,78.830,Financials,Banks,152114.170000
US1925761066,2208426,Cohu Inc.,USD,2924,0.016475,United States,59.270,Information Technology,Semiconductors & Semiconductor Equipment,151457.700000
US59165J1051,BD9MTK0,MetroCity Bankshares Inc.,USD,4780,0.016474,United States,36.255,Financials,Banks,151451.950000
US89377M1099,BK6TM04,TransMedics Group Inc.,USD,2513,0.016450,United States,68.860,Health Care,Health Care Equipment & Supplies,151230.220000
US8962152091,B1XHRL4,TriMas Corporation,USD,4117,0.016441,United States,42.010,Materials,Containers & Packaging,151151.530000
US8248891090,2805474,Shoe Station Group Inc.,USD,11441,0.016412,United States,15.090,Consumer Discretionary,Specialty Retail,150880.220000
US00847X1046,BCBVTX1,Agios Pharmaceuticals Inc.,USD,4581,0.016365,United States,37.580,Health Care,Biotechnology,150451.360000
US02156V1098,BMD78K7,Oklo Inc. Class A,USD,3254,0.016197,United States,52.360,Utilities,Electric Utilities,148900.530000
US3383071012,BKY7X18,Five9 Inc.,USD,7254,0.016164,United States,23.440,Information Technology,Software,148598.420000
US91823B1098,BMDJ3B9,UWM Holdings Corp. Class A,USD,78334,0.016159,United States,2.170,Financials,Financial Services,148555.630000
US03783C1009,BYN7H48,AppFolio Inc Class A,USD,994,0.016149,United States,170.900,Information Technology,Software,148459.340000
US8269191024,2568131,Silicon Laboratories Inc.,USD,777,0.016118,United States,218.220,Information Technology,Semiconductors & Semiconductor Equipment,148181.720000
US1564311082,2186254,Century Aluminum Company,USD,3864,0.016074,United States,43.760,Materials,Metals & Mining,147772.450000
US67059N1081,BYQBFT8,Nutanix Inc. Class A,USD,3296,0.016067,United States,51.280,Information Technology,Software,147711.500000
US2537981027,2269661,Digi International Inc.,USD,2341,0.016056,United States,72.150,Information Technology,Communications Equipment,147610.340000
US75960P1049,BNZJHH8,Remitly Global Inc.,USD,7103,0.016037,United States,23.750,Financials,Financial Services,147429.530000
US88822Q1031,BC30V41,Tiptree Inc.,USD,9264,0.016028,United States,18.200,Financials,Insurance,147349.630000
US1396741050,2186759,Capital City Bank Group Inc.,USD,3395,0.016017,United States,49.630,Financials,Banks,147252.640000
US4404071049,2949316,Horizon Bancorp Inc.,USD,8511,0.016003,United States,19.780,Financials,Banks,147124.830000
US03945R1023,BMHVDS8,Archer Aviation Inc Class A,USD,33646,0.015928,United States,4.980,Industrials,Aerospace & Defense,146433.970000
US52476L1098,BT6CC17,Legence Corp. Class A,USD,2208,0.015917,United States,75.830,Industrials,Construction & Engineering,146325.230000
US87266M1071,BF2F1Q0,TPG RE Finance Trust Inc.,USD,19899,0.015890,United States,8.400,Financials,Mortgage Real Estate Investment Trusts (Reits),146079.610000
US8982021060,BP3YM85,Trupanion Inc.,USD,6206,0.015876,United States,26.910,Financials,Insurance,145950.160000
US7392761034,2133045,Power Integrations Inc.,USD,2281,0.015827,United States,72.990,Information Technology,Semiconductors & Semiconductor Equipment,145501.580000
US3563901046,BF242Z3,Freedom Holding Corp.,USD,1026,0.015821,United States,162.215,Financials,Capital Markets,145451.230000
US19046P2092,BF7J9X0,Coastal Financial Corporation,USD,2119,0.015783,United States,78.350,Financials,Banks,145093.840000
US74736L1098,BKM4KV0,Q2 Holdings Inc.,USD,3146,0.015740,United States,52.630,Information Technology,Software,144700.880000
US53228F1012,BN0TRB7,Lifestance Health Group Inc.,USD,14627,0.015671,United States,11.270,Health Care,Health Care Providers & Services,144064.920000
KYG386441037,BP0WTV4,GigaCloud Technology Inc. Class A,USD,4940,0.015596,United States,33.210,Consumer Discretionary,Distributors,143375.480000
US88025T1025,BF7J7N6,Tenable Holdings Inc.,USD,4239,0.015555,United States,38.600,Information Technology,Software,142997.940000
US9139151040,2002543,Universal Technical Institute Inc.,USD,3382,0.015509,United States,48.240,Consumer Discretionary,Diversified Consumer Services,142580.450000
US7580754023,2730877,Redwood Trust Inc.,USD,36407,0.015505,United States,4.480,Financials,Mortgage Real Estate Investment Trusts (Reits),142541.700000
US0773473006,2279897,Bel Fuse Inc. Class B,USD,608,0.015429,United States,266.940,Information Technology,Electronic Equipment Instruments & Components,141839.220000
US18467V1098,BLD30T1,Clear Secure Inc. Class A,USD,3017,0.015427,United States,53.790,Information Technology,Software,141826.020000
US37637K1088,BMTVT22,Gitlab Inc. Class A,USD,5047,0.015387,United States,32.070,Information Technology,Software,141452.720000
US26818M1080,BN15WD1,Dyne Therapeutics Inc,USD,6985,0.015319,United States,23.070,Health Care,Biotechnology,140829.310000
US7901481009,2768663,St. Joe Company,USD,2612,0.015228,United States,61.330,Real Estate,Real Estate Management & Development,139999.100000
US27923Q1094,BM8NHT2,Ecovyst Inc,USD,13517,0.015201,United States,11.830,Materials,Chemicals,139747.530000
NL0013056914,BFXCLC6,Elastic NV,USD,2755,0.015200,United States,58.040,Information Technology,Software,139742.360000
US81764X1037,BPGN2Q7,ServiceTitan Inc. Class A,USD,2037,0.015164,United States,78.310,Information Technology,Software,139407.880000
US83417M1045,BWC52Q6,SolarEdge Technologies Inc.,USD,3045,0.015162,United States,52.380,Information Technology,Semiconductors & Semiconductor Equipment,139390.080000
US92847W1036,BL6JSP8,Vital Farms Inc.,USD,12446,0.015097,United States,12.760,Consumer Staples,Food Products,138790.440000
US7437131094,B6T6J81,Proto Labs Inc.,USD,2074,0.015063,United States,76.400,Industrials,Machinery,138478.130000
US07373V1052,BK6L288,Beam Therapeutics Inc.,USD,4537,0.015005,United States,34.790,Health Care,Biotechnology,137943.830000
US19247A1007,B02H882,Cohen & Steers Inc.,USD,2008,0.014998,United States,78.570,Financials,Capital Markets,137879.440000
US05350V1061,BFFVV54,Avanos Medical Inc.,USD,6258,0.014831,United States,24.930,Health Care,Health Care Equipment & Supplies,136344.280000
US71385M1071,BL9XML1,Perimeter Solutions Inc,USD,4598,0.014826,United States,33.920,Materials,Chemicals,136302.520000
US24823R1059,BD2B4V0,Denali Therapeutics Inc.,USD,6032,0.014811,United States,25.830,Health Care,Biotechnology,136164.780000
US4131601027,2510659,Harmonic Inc.,USD,11049,0.014778,United States,14.070,Information Technology,Communications Equipment,135861.420000
US75629V1044,BM9FJ13,Recursion Pharmaceuticals Inc. Class A,USD,40816,0.014744,United States,3.800,Health Care,Biotechnology,135548.000000
IL0011684185,BMX6JW3,JFrog Ltd.,USD,1632,0.014709,United States,94.810,Information Technology,Software,135223.880000
US74275K1088,BLH11J8,Procore Technologies Inc,USD,3514,0.014688,United States,43.970,Information Technology,Software,135032.190000
US22284P1057,2200853,Covenant Logistics Group Inc. Class A,USD,3516,0.014686,United States,43.940,Industrials,Ground Transportation,135016.840000
US97717P1049,2476513,WisdomTree Inc.,USD,8517,0.014606,United States,18.040,Financials,Capital Markets,134277.200000
US15202L1070,BN47P80,Centerspace,USD,2674,0.014550,United States,57.240,Real Estate,Residential Reits,133764.270000
US7616241052,2063670,REX American Resources Corporation,USD,3401,0.014542,United States,44.980,Energy,Oil Gas & Consumable Fuels,133691.920000
US00182C1036,BCDWBX6,ANI Pharmaceuticals Inc.,USD,1778,0.014541,United States,86.030,Health Care,Pharmaceuticals,133678.250000
US5015751044,BMPRZV5,Kymera Therapeutics Inc.,USD,1347,0.014535,United States,113.510,Health Care,Biotechnology,133622.880000
US82489W1071,BMDJ085,Shoals Technologies Group Inc. Class A,USD,15364,0.014532,United States,9.950,Industrials,Electrical Equipment,133600.000000
US45166A1025,BK0VHF6,IDEAYA Biosciences Inc.,USD,4038,0.014452,United States,37.650,Health Care,Biotechnology,132864.940000
IE000JMT8VI3,BTMJ438,NIQ Global Intelligence PLC,USD,15356,0.014423,United States,9.880,Communication Services,Media,132591.030000
US69366J2006,B17VCN9,PTC Therapeutics Inc.,USD,1819,0.014406,United States,83.310,Health Care,Biotechnology,132436.860000
US35909R1086,BFMKYK0,Frontier Group Holdings Inc.,USD,19986,0.014401,United States,7.580,Industrials,Airlines,132395.780000
US4041111067,BJBZRJ4,HBT Financial Inc.,USD,4704,0.014390,United States,32.180,Financials,Banks,132291.640000
US9706461053,2036779,Willis Lease Finance Corporation,USD,665,0.014319,United States,226.515,Industrials,Trading Companies & Distributors,131642.970000
US5966801087,2589466,Middlesex Water Company,USD,2616,0.014312,United States,57.550,Utilities,Water Utilities,131571.600000
US9222801022,BJZ2ZR5,Varonis Systems Inc.,USD,3512,0.014309,United States,42.860,Information Technology,Software,131548.450000
US13100M5094,B3S4L67,Calix Inc.,USD,3885,0.014211,United States,38.480,Information Technology,Communications Equipment,130648.720000
US74766W1080,BFYDQ34,Quantum Computing Inc.,USD,16484,0.014181,United States,9.050,Information Technology,Technology Hardware Storage & Peripherals,130373.780000
US26210V1026,BL0P090,Driven Brands Holdings Inc.,USD,10304,0.014174,United States,14.470,Consumer Discretionary,Diversified Consumer Services,130302.710000
US91680M1071,BL53QN5,Upstart Holdings Inc.,USD,4274,0.014131,United States,34.780,Financials,Consumer Finance,129910.170000
US1156371007,2146816,Brown-Forman Corporation Class A,USD,5527,0.014060,United States,26.760,Consumer Staples,Beverages,129257.170000
US92686J1060,BQQG1V1,Viking Therapeutics Inc.,USD,3933,0.013998,United States,37.440,Health Care,Biotechnology,128688.234000
US83946P1075,BGV1W52,South Plains Financial Inc,USD,3443,0.013930,United States,42.560,Financials,Banks,128061.240000
US33830T1034,BP2C8W6,Five Star Bancorp,USD,2999,0.013873,United States,48.660,Financials,Banks,127534.484000
US53815P1084,BGLN838,LiveRamp Holdings Inc.,USD,3844,0.013787,United States,37.730,Information Technology,Software,126750.370000
US76156B1070,BJ1FD74,Revolve Group Inc Class A,USD,6405,0.013773,United States,22.620,Consumer Discretionary,Specialty Retail,126616.660000
US00436Q1067,BK7FYL6,Accel Entertainment Inc. Class A,USD,11268,0.013679,United States,12.770,Consumer Discretionary,Hotels Restaurants & Leisure,125752.560000
US0381692070,BMCNFN8,Applied Digital Corporation,USD,4340,0.013640,United States,33.060,Information Technology,It Services,125392.530000
CA05156V1022,BFWLC09,Aurinia Pharmaceuticals Inc.,USD,9158,0.013590,United States,15.610,Health Care,Biotechnology,124934.560000
US2339121046,2251583,Daily Journal Corporation,USD,244,0.013565,United States,584.830,Information Technology,Software,124709.210000
US69553P1003,BJ7JPH4,PagerDuty Inc.,USD,14286,0.013553,United States,9.980,Information Technology,Software,124600.620000
US6151111019,BLCB610,Onterris Inc.,USD,6806,0.013535,United States,20.920,Industrials,Commercial Services & Supplies,124432.170000
US49435R1023,BYQFVW5,Kimbell Royalty Partners LP,USD,9818,0.013524,United States,14.490,Energy,Oil Gas & Consumable Fuels,124328.440000
US9168961038,B0VLLY2,Uranium Energy Corp.,USD,13170,0.013484,United States,10.770,Energy,Oil Gas & Consumable Fuels,123959.710000
US6707031075,BMVBZD3,Nuvalent Inc. Class A,USD,1143,0.013444,United States,123.730,Health Care,Biotechnology,123594.836000
US92552R4065,B01KGF5,Pursuit Attractions and Hospitality Inc.,USD,2542,0.013387,United States,55.400,Consumer Discretionary,Hotels Restaurants & Leisure,123073.450000
MHY2685T1313,BD08758,Genco Shipping & Trading Ltd,USD,5729,0.013343,United States,24.500,Industrials,Marine Transportation,122665.930000
CA45245E1097,2473859,IMAX Corporation,USD,3501,0.013273,United States,39.880,Communication Services,Entertainment,122018.690000
US98956A1051,BN0TQF4,Zeta Global Holdings Corp. Class A,USD,6736,0.013255,United States,20.700,Information Technology,Software,121857.280000
US03071H1005,B0PPHS6,AMERISAFE Inc.,USD,3955,0.013155,United States,34.990,Financials,Insurance,120939.875000
US04035M1027,BNV08M7,Arhaus Inc. Class A,USD,16017,0.013125,United States,8.620,Consumer Discretionary,Specialty Retail,120661.164000
US13765N1072,BFMQPR2,Cannae Holdings Inc.,USD,9353,0.013088,United States,14.720,Financials,Financial Services,120320.000000
US98954M1018,BVYJBR3,Zillow Group Inc. Class A,USD,4076,0.012949,United States,33.420,Real Estate,Real Estate Management & Development,119047.336000
US0193301092,2414717,Allient Inc.,USD,1560,0.012886,United States,86.890,Industrials,Electrical Equipment,118460.470000
US83570H1086,BYWPZW7,Sonos Inc.,USD,9949,0.012881,United States,13.620,Consumer Discretionary,Household Durables,118422.875000
US53947R1059,BLDCK32,Loar Holdings Inc.,USD,1669,0.012835,United States,80.900,Industrials,Aerospace & Defense,118000.520000
US3830821043,2379281,Gorman-Rupp Company,USD,1598,0.012770,United States,84.060,Industrials,Machinery,117393.810000
US25960R1059,B3N5WD9,Douglas Dynamics Inc.,USD,2671,0.012764,United States,50.270,Industrials,Machinery,117344.260000
US76665T1025,BNW2543,Riley Exploration Permian Inc,USD,4122,0.012739,United States,32.510,Energy,Oil Gas & Consumable Fuels,117112.700000
US9814191048,2981181,World Acceptance Corporation,USD,644,0.012733,United States,207.980,Financials,Consumer Finance,117054.060000
US1053682035,2518954,Brandywine Realty Trust,USD,41062,0.012647,United States,3.240,Real Estate,Office Reits,116269.060000
US90184D1000,BGKG6G7,Twist Bioscience Corp.,USD,1339,0.012632,United States,99.240,Health Care,Biotechnology,116130.520000
US57142B2034,BPXZLQ9,Marqeta Inc. Class A,USD,7624,0.012618,United States,17.410,Financials,Financial Services,116000.734000
US0517741072,BMF0P92,Aurora Innovation Inc. Class A,USD,20019,0.012617,United States,6.630,Information Technology,Software,115993.850000
CA98420N1050,BRJ3GY4,Xenon Pharmaceuticals Inc.,USD,2168,0.012564,United States,60.960,Health Care,Biotechnology,115500.350000
IL0011754137,BMC4ZR5,Taboola.com Ltd.,USD,25669,0.012542,United States,5.140,Communication Services,Interactive Media & Services,115305.790000
US37890B1008,BPY03W3,Global Business Travel Group Inc. Class A,USD,14009,0.012518,United States,9.400,Consumer Discretionary,Hotels Restaurants & Leisure,115083.766000
US00847J1051,2689162,Agilysys Inc.,USD,1187,0.012504,United States,110.810,Information Technology,Software,114949.940000
US4576511079,BSPRSL8,Innovex International Inc.,USD,5458,0.012499,United States,24.090,Energy,Energy Equipment & Services,114907.770000
US6988841036,2670036,PAR Technology Corporation,USD,6891,0.012479,United States,19.050,Information Technology,Software,114724.520000
US20451N1019,2202763,Compass Minerals International Inc.,USD,4378,0.012465,United States,29.950,Materials,Metals & Mining,114591.305000
US70805E1091,BKTC976,Pennant Group Inc,USD,3397,0.012439,United States,38.520,Health Care,Health Care Providers & Services,114356.510000
US09239B1098,BD3WZS6,BlackLine Inc.,USD,4377,0.012433,United States,29.880,Information Technology,Software,114297.360000
US3024921039,BMBP1Q0,Flywire Corp.,USD,6960,0.012406,United States,18.750,Financials,Financial Services,114048.490000
US8168501018,2795542,Semtech Corporation,USD,963,0.012383,United States,135.270,Information Technology,Semiconductors & Semiconductor Equipment,113843.130000
US2577012014,2752730,Donegal Group Inc. Class A,USD,6745,0.012369,United States,19.290,Financials,Insurance,113708.586000
US7818463082,2966865,Rush Enterprises Inc. Class B,USD,1732,0.012362,United States,75.080,Industrials,Trading Companies & Distributors,113645.234000
US31188V1008,BJN4MY9,Fastly Inc. Class A,USD,7157,0.012335,United States,18.130,Information Technology,It Services,113398.650000
US98379L1008,BJV2ZZ7,XPEL Inc.,USD,2648,0.012214,United States,48.520,Consumer Discretionary,Automobile Components,112283.990000
US4223471040,2414018,Heartland Express Inc.,USD,8596,0.012176,United States,14.900,Industrials,Ground Transportation,111933.920000
US74767V1098,BMC73Z8,QuantumScape Corporation Class A,USD,18109,0.012171,United States,7.070,Consumer Discretionary,Automobile Components,111890.430000
US2210061097,2347277,CorVel Corporation,USD,1995,0.012164,United States,64.140,Health Care,Health Care Providers & Services,111828.086000
US25400Q1058,BM8V9W3,Trump Media & Technology Group Corp.,USD,14964,0.012148,United States,8.540,Communication Services,Interactive Media & Services,111682.375000
US52567D1072,BMGNTQ5,Lemonade Inc,USD,1785,0.012136,United States,71.520,Financials,Insurance,111569.320000
US19239V3024,B06RWD1,Cogent Communications Holdings Inc,USD,9811,0.012115,United States,12.990,Communication Services,Diversified Telecommunication Services,111378.530000
US78435P1057,BQC4R22,Sezzle Inc.,USD,693,0.012072,United States,183.240,Financials,Financial Services,110976.900000
US50101L1061,BL97B49,Krispy Kreme Inc.,USD,36093,0.012043,United States,3.510,Consumer Discretionary,Hotels Restaurants & Leisure,110715.690000
US74874Q1004,B3PGPB9,QuinStreet Inc.,USD,7923,0.011915,United States,15.820,Communication Services,Interactive Media & Services,109540.620000
US3580541049,BPF0BB7,Freshworks Inc. Class A,USD,12110,0.011903,United States,10.340,Information Technology,Software,109431.860000
US12618T1051,2240622,CRA International Inc.,USD,850,0.011861,United States,146.790,Industrials,Professional Services,109042.164000
US0235861004,2028174,U-Haul Holding Company,USD,1846,0.011859,United States,67.580,Industrials,Ground Transportation,109025.720000
US90041L1052,BYQ7X92,Turning Point Brands Inc,USD,1438,0.011748,United States,85.940,Consumer Staples,Tobacco,108002.375000
US29667J1016,BD5G1Z5,Esquire Financial Holdings Inc.,USD,1025,0.011726,United States,120.340,Financials,Banks,107798.555000
US0021211018,BKQVBN6,A10 Networks Inc.,USD,3385,0.011681,United States,36.300,Information Technology,Software,107385.180000
US72919P2020,2508386,Plug Power Inc.,USD,46362,0.011635,United States,2.640,Industrials,Electrical Equipment,106965.850000
US45826J1051,BYZM6C2,Intellia Therapeutics Inc.,USD,6915,0.011543,United States,17.560,Health Care,Biotechnology,106119.630000
US34379V1035,BMXC0N9,Fluence Energy Inc. Class A,USD,7123,0.011511,United States,17.000,Industrials,Electrical Equipment,105825.650000
US10948W1036,BJBLBN4,Acadian Asset Management Inc.,USD,1640,0.011395,United States,73.090,Financials,Capital Markets,104756.470000
CA24477V1058,BV2DHY6,Definium Therapeutics Inc.,USD,2711,0.011388,United States,44.190,Health Care,Pharmaceuticals,104696.590000
US7496601060,2719456,RPC Inc.,USD,21362,0.011372,United States,5.600,Energy,Energy Equipment & Services,104546.380000
US7820111000,BN6R7F9,Rush Street Interactive Inc. Class A,USD,3762,0.011330,United States,31.680,Consumer Discretionary,Hotels Restaurants & Leisure,104155.695000
US1535271068,2183868,Central Garden & Pet Company,USD,2692,0.011247,United States,43.950,Consumer Staples,Household Products,103398.210000
US04271T1007,BLBLMD5,Array Technologies Inc,USD,16961,0.011238,United States,6.970,Industrials,Electrical Equipment,103314.980000
US67079U3068,BSMNX92,Nutex Health Inc,USD,601,0.011228,United States,196.530,Health Care,Health Care Providers & Services,103224.414000
IL0011858912,BQ5J6B6,Pagaya Technologies Ltd Class A,USD,6611,0.011180,United States,17.790,Information Technology,Software,102783.210000
BMG6331P1041,B5Q3KZ2,Alpha and Omega Semiconductor Limited,USD,3155,0.011130,United States,37.110,Information Technology,Semiconductors & Semiconductor Equipment,102322.090000
US3976242061,2394080,Greif Inc Class B,USD,1264,0.011123,United States,92.570,Materials,Containers & Packaging,102257.790000
US74366E1029,BDCBCD8,Protagonist Therapeutics Inc.,USD,889,0.011123,United States,131.620,Health Care,Biotechnology,102259.270000
US05356F1057,BNYK9Y3,Aveanna Healthcare Holdings Inc,USD,12853,0.011119,United States,9.100,Health Care,Health Care Providers & Services,102217.430000
US92346J1088,BSBMN89,Vericel Corporation,USD,2472,0.011040,United States,46.980,Health Care,Biotechnology,101494.040000
US50216C1080,2499026,LSI Industries Inc.,USD,4533,0.011027,United States,25.590,Industrials,Electrical Equipment,101375.980000
US92846Q1076,BMHRMK1,Vita Coco Company Inc.,USD,1753,0.011025,United States,66.160,Consumer Staples,Beverages,101357.640000
US87240R1077,B1W8J67,TFS Financial Corporation,USD,6499,0.011022,United States,17.840,Financials,Banks,101325.900000
US37892E1029,BNBY595,Global Industrial Company,USD,3480,0.010986,United States,33.210,Industrials,Trading Companies & Distributors,101001.350000
US68375N1037,2115902,OPKO Health Inc.,USD,76028,0.010986,United States,1.520,Health Care,Health Care Providers & Services,100994.150000
US88162F1057,2884280,TETRA Technologies Inc.,USD,12344,0.010913,United States,9.300,Energy,Energy Equipment & Services,100327.020000
US5255582018,B1G6TJ0,LeMaitre Vascular Inc.,USD,1114,0.010895,United States,102.880,Health Care,Health Care Equipment & Supplies,100160.200000
US10949T1097,BN7VBP8,BrightSpire Capital Inc,USD,21024,0.010872,United States,5.440,Financials,Mortgage Real Estate Investment Trusts (Reits),99952.420000
US1248308785,BNTC8Y7,CBL & Associates Properties Inc.,USD,2154,0.010777,United States,52.630,Real Estate,Retail Reits,99073.650000
US4622221004,BDJ0LS6,Ionis Pharmaceuticals Inc.,USD,1374,0.010684,United States,81.800,Health Care,Biotechnology,98224.340000
US8256901005,B7ZR219,Shutterstock Inc.,USD,11408,0.010639,United States,9.810,Communication Services,Interactive Media & Services,97804.220000
US05603J1088,BSRK6R7,BKV Corporation,USD,4056,0.010545,United States,27.350,Energy,Oil Gas & Consumable Fuels,96946.990000
US92852X1037,BMBX3P7,Vitesse Energy Inc.,USD,7143,0.010511,United States,15.480,Energy,Oil Gas & Consumable Fuels,96634.160000
US40131M1099,BFXC911,Guardant Health Inc.,USD,655,0.010459,United States,167.980,Health Care,Health Care Providers & Services,96156.336000
BMG9001E1021,BD9Q3P5,Liberty Latin America Ltd. Class A,USD,14384,0.010419,United States,7.620,Communication Services,Diversified Telecommunication Services,95788.580000
US88080T1043,BNBRMS2,TeraWulf Inc.,USD,5153,0.010375,United States,21.180,Information Technology,Software,95381.730000
US26740W1099,BMCCXH5,D-Wave Quantum Inc.,USD,4841,0.010368,United States,22.530,Information Technology,Software,95318.090000
US6517185046,2636878,NPK International Inc.,USD,7447,0.010130,United States,14.310,Industrials,Trading Companies & Distributors,93132.240000
US22663K1079,BDD19F8,Crinetics Pharmaceuticals Inc,USD,2510,0.010076,United States,42.230,Health Care,Pharmaceuticals,92634.734000
US60510V1089,BLNPMM4,Mission Produce Inc.,USD,8484,0.010073,United States,12.490,Consumer Staples,Food Products,92606.640000
US53263P1057,BDCD1P9,Limbach Holdings Inc.,USD,1389,0.010035,United States,76.000,Industrials,Construction & Engineering,92256.060000
US52603B1070,BV8TD84,LendingTree Inc.,USD,2335,0.009989,United States,45.000,Financials,Consumer Finance,91828.710000
US3429091081,BSHT908,Flowco Holdings Inc Class A,USD,5065,0.009986,United States,20.740,Energy,Energy Equipment & Services,91805.195000
US80517M1099,BQLSDL6,Savers Value Village Inc.,USD,10530,0.009980,United States,9.970,Consumer Discretionary,Broadline Retail,91749.266000
US30041R1086,BG88WS9,EverQuote Inc. Class A,USD,4204,0.009935,United States,24.860,Communication Services,Interactive Media & Services,91336.190000
US9116841084,2918996,Array Digital Infrastructure Inc.,USD,2879,0.009918,United States,36.240,Communication Services,Wireless Telecommunication Services,91181.960000
US8935291075,2901714,Transcat Inc.,USD,1171,0.009911,United States,89.030,Industrials,Trading Companies & Distributors,91111.320000
US87151X1019,BPG82M8,Symbotic Inc. Class A,USD,2433,0.009885,United States,42.740,Industrials,Machinery,90877.370000
US9258151029,2930774,Vicor Corporation,USD,367,0.009872,United States,282.950,Industrials,Electrical Equipment,90751.720000
US67079K1007,BNXK803,NuScale Power Corporation Class A,USD,10586,0.009822,United States,9.760,Industrials,Electrical Equipment,90294.400000
US82312B1061,2676692,Shenandoah Telecommunications Company,USD,7529,0.009698,United States,13.550,Communication Services,Diversified Telecommunication Services,89157.050000
US8814541020,BVK6BG7,Terrestrial Energy Inc.,USD,15777,0.009689,United States,6.460,Industrials,Construction & Engineering,89070.940000
US88642R1095,BDFGDQ0,Tidewater Inc,USD,1479,0.009577,United States,68.120,Energy,Energy Equipment & Services,88048.484000
CH0027352993,BRJHSC8,Aebi Schmidt Holding AG,USD,8294,0.009532,United States,12.090,Industrials,Machinery,87633.340000
US6420451089,BL6JGD2,Atlas Energy Solutions Inc.,USD,6922,0.009522,United States,14.470,Energy,Energy Equipment & Services,87534.490000
US3773221029,BYMWL19,Glaukos Corp,USD,675,0.009519,United States,148.340,Health Care,Health Care Equipment & Supplies,87506.664000
US22266M1045,BNSNZL7,Coursera Inc,USD,16938,0.009500,United States,5.900,Consumer Discretionary,Diversified Consumer Services,87335.984000
US82982T1060,BKS48R6,SiTime Corporation,USD,166,0.009494,United States,601.660,Information Technology,Semiconductors & Semiconductor Equipment,87284.734000
US88023B1035,BSLSJJ0,Tempus AI Inc. Class A,USD,1651,0.009459,United States,60.270,Health Care,Life Sciences Tools & Services,86961.560000
US45258J1025,BJRFSB7,Immunovant Inc,USD,2564,0.009455,United States,38.790,Health Care,Biotechnology,86919.430000
US02913V1035,B292GM4,American Public Education Inc.,USD,1747,0.009420,United States,56.720,Consumer Discretionary,Diversified Consumer Services,86598.070000
US71742Q1067,BL95N25,Phibro Animal Health Corporation Class A,USD,2978,0.009416,United States,33.260,Health Care,Pharmaceuticals,86561.740000
US22041X1028,BMGWSJ8,Corsair Gaming Inc.,USD,11119,0.009407,United States,8.900,Information Technology,Technology Hardware Storage & Peripherals,86483.805000
US23204X1037,BL66YS4,Custom Truck One Source Inc,USD,9841,0.009392,United States,10.040,Industrials,Trading Companies & Distributors,86347.945000
US2546041011,BMGJZJ8,Disc Medicine Inc.,USD,1295,0.009388,United States,76.260,Health Care,Biotechnology,86306.930000
US6778641000,2657794,Oil-Dri Corporation of America,USD,982,0.009367,United States,100.340,Consumer Staples,Household Products,86112.190000
US9030021037,2908191,UMH Properties Inc.,USD,6348,0.009366,United States,15.520,Real Estate,Residential Reits,86100.910000
US85208T1079,BNKCPP6,Sprinklr Inc. Class A,USD,18175,0.009347,United States,5.410,Information Technology,Software,85931.170000
US9119221029,2724115,United States Lime & Minerals Inc.,USD,912,0.009320,United States,107.500,Materials,Construction Materials,85680.580000
US96924N1000,B1HP598,Willdan Group Inc.,USD,1280,0.009284,United States,76.300,Industrials,Professional Services,85351.984000
US21867A1051,BNKT9M2,Core Laboratories Inc.,USD,8520,0.009282,United States,11.460,Energy,Energy Equipment & Services,85330.300000
US12468P1049,BMGNBJ2,C3.ai Inc. Class A,USD,10776,0.009281,United States,9.060,Information Technology,Software,85322.750000
US21900C3088,BJ0LT31,CorMedix Inc.,USD,11126,0.009255,United States,8.750,Health Care,Pharmaceuticals,85079.740000
US77664L2079,BNV0HC0,Root Inc. Class A,USD,1577,0.009254,United States,61.730,Financials,Insurance,85075.990000
US1200761047,B034L50,Build-A-Bear Workshop Inc.,USD,3086,0.009241,United States,31.500,Consumer Discretionary,Specialty Retail,84954.336000
US12763L1052,BKVKB49,Cadre Holdings Inc.,USD,3302,0.009241,United States,29.440,Industrials,Aerospace & Defense,84955.980000
US2774614067,BDZDSJ9,Eastman Kodak Company,USD,11370,0.009155,United States,8.470,Information Technology,Technology Hardware Storage & Peripherals,84163.336000
US0477263026,BRF2GD4,Atlanta Braves Holdings Inc Class C,USD,1818,0.009120,United States,52.770,Communication Services,Entertainment,83841.690000
US46571Y1073,BF2G4D1,i3 Verticals Inc. Class A,USD,4413,0.009099,United States,21.690,Information Technology,Software,83651.270000
US04280A1007,BYQBFJ8,Arrowhead Pharmaceuticals Inc.,USD,1138,0.009086,United States,83.990,Health Care,Biotechnology,83531.234000
US7404441047,2798466,Preformed Line Products Company,USD,258,0.009044,United States,368.770,Industrials,Electrical Equipment,83148.484000
US10240L1026,BNRR231,Bowhead Specialty Holdings Inc.,USD,3001,0.008981,United States,31.480,Financials,Insurance,82561.920000
US4622601007,BF0DMK7,Iovance Biotherapeutics Inc,USD,21905,0.008975,United States,4.310,Health Care,Biotechnology,82508.670000
US9660842041,B6452T5,Whitestone REIT,USD,4964,0.008956,United States,18.980,Real Estate,Retail Reits,82339.280000
US8753722037,BF3W461,Tandem Diabetes Care Inc.,USD,6148,0.008954,United States,15.320,Health Care,Health Care Equipment & Supplies,82313.610000
US00091G1040,BMFPJK6,ACV Auctions Inc. Class A,USD,12821,0.008897,United States,7.300,Industrials,Commercial Services & Supplies,81794.445000
US5494982029,BVY4KF9,Lucid Group Inc.,USD,15245,0.008811,United States,6.080,Consumer Discretionary,Automobiles,81004.670000
US58450V1044,BLR8XV5,MediaAlpha Inc. Class A,USD,6851,0.008747,United States,13.430,Communication Services,Interactive Media & Services,80409.810000
US6350171061,2638625,National Beverage Corp.,USD,2760,0.008745,United States,33.330,Consumer Staples,Beverages,80393.970000
US6304021057,2622253,NAPCO Security Technologies Inc.,USD,2422,0.008701,United States,37.790,Information Technology,Electronic Equipment Instruments & Components,79988.970000
US45827U1097,BP7L594,Intapp Inc.,USD,3340,0.008697,United States,27.390,Information Technology,Software,79949.830000
US8641591081,2856289,Sturm Ruger & Company Inc.,USD,2419,0.008658,United States,37.650,Consumer Discretionary,Leisure Products,79593.930000
US92764N1028,BK4PZ38,Vir Biotechnology Inc.,USD,9061,0.008648,United States,10.040,Health Care,Biotechnology,79503.984000
US04914Y1029,B9B9F36,Atlanticus Holdings Corp.,USD,942,0.008632,United States,96.400,Financials,Consumer Finance,79360.980000
US11040G1031,BMBT0Z4,Bristow Group Inc,USD,2191,0.008625,United States,41.410,Energy,Energy Equipment & Services,79291.510000
US52472M1018,BG5HXX1,Legacy Housing Corporation,USD,3423,0.008584,United States,26.380,Consumer Discretionary,Household Durables,78915.210000
US55825T1034,BYQCZ35,Madison Square Garden Sports Corp. Class A,USD,228,0.008565,United States,395.160,Communication Services,Entertainment,78738.460000
US1976411033,BFMB9P3,Columbia Financial Inc.,USD,4212,0.008477,United States,21.170,Financials,Banks,77927.060000
US14167L1035,BP3YM74,CareDx Inc.,USD,3042,0.008441,United States,29.190,Health Care,Biotechnology,77601.910000
US10576N1028,BPLQR66,Braze Inc. Class A,USD,3714,0.008406,United States,23.810,Information Technology,Software,77282.350000
US2528281080,BN4J951,Dianthus Therapeutics Inc.,USD,936,0.008394,United States,94.340,Health Care,Biotechnology,77170.410000
US3874321074,BPJKCW1,Granite Ridge Resources Inc.,USD,19949,0.008382,United States,4.420,Energy,Oil Gas & Consumable Fuels,77058.840000
US5663241090,BFWGXV2,Marcus & Millichap Inc.,USD,2764,0.008371,United States,31.860,Real Estate,Real Estate Management & Development,76959.620000
US70339W1045,BMYH4Y2,Pattern Group Inc. Class A,USD,3331,0.008369,United States,26.430,Consumer Discretionary,Broadline Retail,76939.766000
US01862Q1076,BT6BF59,Alliance Laundry Holdings Inc.,USD,3401,0.008361,United States,25.860,Industrials,Machinery,76862.450000
US15117B2025,BJLV8T9,Celldex Therapeutics Inc.,USD,2291,0.008357,United States,38.370,Health Care,Biotechnology,76823.830000
US49845K1016,BN4JNC6,Klaviyo Inc. Class A,USD,5187,0.008333,United States,16.900,Information Technology,Software,76609.390000
US5021601043,2536882,LSB Industries Inc.,USD,8211,0.008305,United States,10.640,Materials,Chemicals,76351.350000
US5588681057,BD59BS7,Madrigal Pharmaceuticals Inc.,USD,165,0.008283,United States,528.100,Health Care,Biotechnology,76151.625000
US64082B1026,BMTW8S4,NerdWallet Inc. Class A,USD,9134,0.008223,United States,9.470,Financials,Consumer Finance,75594.480000
US92511U1025,BFXX5X8,Verra Mobility Corp. Class A,USD,20112,0.008221,United States,4.300,Industrials,Professional Services,75579.290000
US42222N1037,2577870,HealthStream Inc.,USD,3042,0.008216,United States,28.410,Health Care,Health Care Technology,75528.266000
US93403J1060,BLGZN51,Warby Parker Inc. Class A,USD,2953,0.008214,United States,29.260,Consumer Discretionary,Specialty Retail,75512.150000
US6372151042,2626802,National Presto Industries Inc.,USD,699,0.008187,United States,123.210,Industrials,Aerospace & Defense,75266.580000
US92556W1045,BVZNXR8,Via Transportation Inc. Class A,USD,4423,0.008119,United States,19.310,Information Technology,Software,74641.130000
KYG037AX1015,B7KH3G6,Ambarella Inc.,USD,1088,0.008105,United States,78.360,Information Technology,Semiconductors & Semiconductor Equipment,74507.914000
US14843C1053,BKLCWZ3,Castle Biosciences Inc.,USD,3519,0.008065,United States,24.110,Health Care,Health Care Providers & Services,74147.336000
US2342641097,2254010,Daktronics Inc.,USD,4259,0.008061,United States,19.910,Information Technology,Electronic Equipment Instruments & Components,74106.780000
US63888U1088,B82C9Z7,Natural Grocers by Vitamin Cottage Inc.,USD,2577,0.007986,United States,32.600,Consumer Staples,Consumer Staples Distribution & Retail,73419.440000
US64111Q1040,2688363,NETGEAR Inc.,USD,3904,0.007979,United States,21.500,Information Technology,Communications Equipment,73354.600000
CA7142661031,BNNNK51,Perpetua Resources Corp.,USD,3831,0.007768,United States,21.330,Materials,Metals & Mining,71413.790000
US62878D1000,BMBR683,N-able Inc.,USD,19752,0.007717,United States,4.110,Information Technology,Software,70946.664000
US47103J1051,BMFX8Y7,Janux Therapeutics Inc.,USD,5207,0.007692,United States,15.540,Health Care,Biotechnology,70716.000000
US52466B1035,B82GC49,LegalZoom.com Inc.,USD,11636,0.007655,United States,6.920,Industrials,Professional Services,70370.220000
US57776J1007,B3RDWC8,MaxLinear Inc.,USD,859,0.007604,United States,93.120,Information Technology,Semiconductors & Semiconductor Equipment,69906.120000
KYG1144A1058,BMH6DN8,Bit Digital Inc.,USD,48444,0.007599,United States,1.650,Information Technology,Software,69855.880000
US75776W1036,BL5FDV8,Redwire Corp,USD,7042,0.007571,United States,11.310,Industrials,Aerospace & Defense,69604.560000
US29270J1007,B3B5J07,Energy Recovery Inc.,USD,8947,0.007519,United States,8.840,Industrials,Machinery,69120.805000
US4051661092,BP2RPZ3,Hagerty Inc Class A,USD,6379,0.007513,United States,12.390,Financials,Insurance,69072.150000
US0869211039,BT3CTW0,BETA Technologies Inc. Class A,USD,4335,0.007463,United States,18.110,Industrials,Aerospace & Defense,68609.875000
US04963C2098,B0C8KV2,AtriCure Inc.,USD,2468,0.007458,United States,31.790,Health Care,Health Care Equipment & Supplies,68566.940000
US5352191093,BYMBW46,Lindblad Expeditions Holdings Inc.,USD,2972,0.007408,United States,26.220,Consumer Discretionary,Hotels Restaurants & Leisure,68102.110000
US65341D1028,BWC6PW6,NexPoint Residential Trust Inc.,USD,2712,0.007404,United States,28.720,Real Estate,Residential Reits,68069.600000
US80810D1037,BKV28S8,Schrodinger Inc.,USD,4602,0.007385,United States,16.880,Health Care,Health Care Technology,67888.800000
US73933G2021,B6YVN56,Power Solutions International Inc.,USD,2093,0.007378,United States,37.080,Industrials,Electrical Equipment,67824.730000
US83418M1036,BD93QN5,Solaris Energy Infrastructure Inc. Class A,USD,1150,0.007345,United States,67.190,Energy,Energy Equipment & Services,67527.640000
US39813G1094,BLCHF11,Grid Dynamics Holdings Inc. Class A,USD,12595,0.007292,United States,6.090,Information Technology,It Services,67033.910000
US2289031005,2239017,Artivion Inc.,USD,3174,0.007232,United States,23.970,Health Care,Health Care Equipment & Supplies,66489.640000
US4500561067,BYT4ST5,iRhythm Holdings Inc.,USD,598,0.007190,United States,126.480,Health Care,Health Care Equipment & Supplies,66100.100000
US38046C1099,BB2C2R1,Gogo Inc.,USD,21036,0.007139,United States,3.570,Communication Services,Wireless Telecommunication Services,65631.210000
US8043951016,2777777,Saul Centers Inc.,USD,1984,0.007090,United States,37.590,Real Estate,Retail Reits,65176.800000
US55287L1017,BQXJKH2,MBX Biosciences Inc.,USD,1278,0.007022,United States,57.800,Health Care,Pharmaceuticals,64556.170000
US45257U1088,BM8FWX7,Immunome Inc.,USD,3111,0.006982,United States,23.610,Health Care,Biotechnology,64191.137000
US4335392027,BMHG0X7,Hippo Holdings Inc,USD,2535,0.006972,United States,28.930,Financials,Insurance,64092.242000
US88339P1012,BKBDP79,RealReal Inc.,USD,6245,0.006875,United States,11.580,Consumer Discretionary,Specialty Retail,63200.438000
US38246G1085,BMTVQT8,GoodRx Holdings Inc. Class A,USD,23621,0.006849,United States,3.050,Health Care,Health Care Technology,62961.810000
US08975B1098,BM92RJ8,BigBear.ai Holdings Inc.,USD,20408,0.006848,United States,3.530,Information Technology,It Services,62958.477000
US5335351004,B0BV2Y9,Lincoln Educational Services Corporation,USD,1376,0.006845,United States,52.330,Consumer Discretionary,Diversified Consumer Services,62928.625000
US0536041041,BP2Q7W1,AvePoint Inc. Class A,USD,6269,0.006830,United States,11.460,Information Technology,Software,62785.870000
US87043Q1085,BMQ89L5,Sweetgreen Inc. Class A,USD,8188,0.006826,United States,8.770,Consumer Discretionary,Hotels Restaurants & Leisure,62756.180000
US19240Q2012,BLR6XK8,Cogent Biosciences Inc.,USD,1847,0.006793,United States,38.690,Health Care,Biotechnology,62451.760000
US6031701013,BP9N0G0,Mineralys Therapeutics Inc.,USD,2576,0.006781,United States,27.690,Health Care,Biotechnology,62337.285000
US17253J1060,BMZ8604,Cipher Digital Inc.,USD,3550,0.006763,United States,20.040,Information Technology,Software,62173.477000
US67080M1036,BMVLGP2,Nurix Therapeutics Inc.,USD,2943,0.006706,United States,23.970,Health Care,Biotechnology,61650.600000
US00486H1059,BPLJ828,ADTRAN Holdings Inc.,USD,5542,0.006696,United States,12.710,Information Technology,Communications Equipment,61558.940000
GB00BRXB0C07,BRXB0C0,Kiniksa Pharmaceuticals International plc Class A,USD,1090,0.006686,United States,64.530,Health Care,Biotechnology,61470.566000
US81663L2007,BR841G5,GeneDx Holdings Corp. Class A,USD,1038,0.006662,United States,67.510,Health Care,Health Care Providers & Services,61241.320000
US63010H1086,BPDH477,Nano Nuclear Energy Inc.,USD,3457,0.006582,United States,20.030,Industrials,Electrical Equipment,60514.492000
US75383L1026,BR3T9B6,Rapport Therapeutics Inc.,USD,1761,0.006524,United States,38.970,Health Care,Pharmaceuticals,59974.805000
US0464331083,2060518,Astronics Corporation,USD,966,0.006504,United States,70.830,Industrials,Aerospace & Defense,59796.180000
US5303071071,BRTLBY3,Liberty Broadband Corp. Class A,USD,2127,0.006497,United States,32.130,Communication Services,Media,59725.156000
US7811541090,BSLQK57,Rubrik Inc. Class A,USD,814,0.006472,United States,83.640,Information Technology,Software,59500.070000
US71944F1066,BKF9DQ8,Phreesia Inc.,USD,6220,0.006469,United States,10.940,Health Care,Health Care Technology,59468.470000
CA6544846091,BMYD3L0,NioCorp Developments Ltd.,USD,14301,0.006444,United States,4.740,Materials,Metals & Mining,59241.195000
US03969F1093,BDZT9Y9,Arcus Biosciences Inc.,USD,2230,0.006430,United States,30.330,Health Care,Biotechnology,59109.370000
US1241551027,BMHYQY4,Butterfly Network Inc. Class A,USD,8797,0.006422,United States,7.680,Health Care,Health Care Equipment & Supplies,59043.880000
US18453H1068,BJHVCH9,Clear Channel Outdoor Holdings Inc,USD,28013,0.006418,United States,2.410,Communication Services,Media,59000.504000
US76655K1034,BN45WL6,Rigetti Computing Inc.,USD,3754,0.006402,United States,17.940,Information Technology,Semiconductors & Semiconductor Equipment,58856.684000
US98423F1093,BP7L5C7,Xometry Inc. Class A,USD,727,0.006345,United States,91.815,Industrials,Trading Companies & Distributors,58334.720000
US92790C1045,BMDH2B6,Viridian Therapeutics Inc.,USD,3418,0.006303,United States,19.400,Health Care,Biotechnology,57949.920000
US75134P6007,BRXYZ91,Ramaco Resources Inc. Class A,USD,5111,0.006292,United States,12.950,Materials,Metals & Mining,57843.520000
US71367G1022,BLFB3Y9,Perella Weinberg Partners Class A,USD,4013,0.006283,United States,16.470,Financials,Capital Markets,57761.940000
US58039P3055,BQGD8H7,McEwen Inc.,USD,3494,0.006278,United States,18.900,Materials,Metals & Mining,57711.684000
US56400P7069,BF081J4,MannKind Corporation,USD,14525,0.006241,United States,4.520,Health Care,Biotechnology,57376.445000
US29445S1006,BVMZK21,EquipmentShare.com Inc. Class A,USD,3409,0.006219,United States,19.190,Industrials,Trading Companies & Distributors,57171.695000
US9742501029,2391092,Winmark Corporation,USD,153,0.006171,United States,424.290,Consumer Discretionary,Specialty Retail,56732.680000
US37611X2099,BQ2JNX0,Ginkgo Bioworks Holdings Inc. Class A,USD,6233,0.006162,United States,10.400,Health Care,Life Sciences Tools & Services,56651.254000
US1569441009,BRBCSP4,CG Oncology Inc.,USD,914,0.006113,United States,70.360,Health Care,Biotechnology,56201.914000
US92538J1060,BMX6DM1,Vertex Inc. Class A,USD,5000,0.006108,United States,12.850,Information Technology,Software,56150.316000
US3371851029,BS2CR64,First Tracks Biotherapeutics Inc,USD,3316,0.006084,United States,19.300,Health Care,Biotechnology,55930.777000
US03823U1025,BDW0D09,Applied Optoelectronics Inc.,USD,525,0.006036,United States,120.950,Information Technology,Communications Equipment,55493.770000
US40609P1057,2404978,Hallador Energy Co,USD,3866,0.005972,United States,16.250,Utilities,Independent Power And Renewable Electricity Producers,54902.773000
US6932821050,2782425,PDF Solutions Inc.,USD,1060,0.005963,United States,59.180,Information Technology,Semiconductors & Semiconductor Equipment,54822.637000
US51819L1070,BNC0LQ1,Latham Group Inc,USD,10192,0.005949,United States,6.140,Consumer Discretionary,Leisure Products,54689.863000
US87615L1070,BJMYWL7,Target Hospitality Corp.,USD,3387,0.005947,United States,18.470,Consumer Discretionary,Hotels Restaurants & Leisure,54671.520000
US70439P1084,BMBP1P9,Paymentus Holdings Inc Class A,USD,2290,0.005891,United States,27.060,Financials,Financial Services,54155.473000
US68989M2026,BMHVMY7,Ouster Inc.,USD,1240,0.005875,United States,49.840,Information Technology,Electronic Equipment Instruments & Components,54010.574000
US3765361080,2918479,Gladstone Commercial Corporation,USD,4896,0.005874,United States,12.620,Real Estate,Diversified Reits,53998.266000
US29479A1088,BNLYBF3,Erasca Inc.,USD,3345,0.005873,United States,18.470,Health Care,Biotechnology,53993.574000
US9409231050,BMVFC45,Waterbridge Infrastructure LLC Class A,USD,1968,0.005854,United States,31.290,Energy,Energy Equipment & Services,53815.793000
US98401F1057,BGCYWN8,Xencor Inc.,USD,4071,0.005805,United States,15.000,Health Care,Biotechnology,53366.832000
US03748R7474,BN2W9T6,Apartment Investment and Management Company Class A,USD,20572,0.005789,United States,2.960,Real Estate,Residential Reits,53216.620000
US53635B1070,B0ZN8Z4,Liquidity Services Inc.,USD,1580,0.005762,United States,38.360,Industrials,Commercial Services & Supplies,52968.145000
US8905161076,2896809,Tootsie Roll Industries Inc.,USD,1479,0.005734,United States,40.780,Consumer Staples,Food Products,52710.168000
US2300311063,BM90J52,Cullinan Therapeutics Inc.,USD,3419,0.005730,United States,17.630,Health Care,Biotechnology,52678.145000
US38267D1090,BZ2YT30,Goosehead Insurance Inc. Class A,USD,1132,0.005670,United States,52.690,Financials,Insurance,52125.914000
US28036F1057,BKY5JZ8,Edgewise Therapeutics Inc.,USD,1496,0.005626,United States,39.560,Health Care,Pharmaceuticals,51721.008000
US98139A1051,BSS6HY8,Workiva Inc. Class A,USD,1138,0.005618,United States,51.930,Information Technology,Software,51646.355000
US04206A1016,BYWPZY9,Arlo Technologies Inc.,USD,4531,0.005591,United States,12.980,Information Technology,Electronic Equipment Instruments & Components,51398.188000
US0147521092,2014021,Alexander's Inc.,USD,212,0.005542,United States,275.000,Real Estate,Retail Reits,50950.402000
JE00BYSS4X48,BYSS4X4,NovoCure Ltd.,USD,3347,0.005473,United States,17.200,Health Care,Health Care Equipment & Supplies,50311.030000
US03237H1014,BPCK358,Amylyx Pharmaceuticals Inc.,USD,3122,0.005422,United States,18.270,Health Care,Pharmaceuticals,49848.320000
US40145W1018,BS3D8K7,Guardian Pharmacy Services Inc. Class A,USD,1340,0.005350,United States,42.000,Health Care,Health Care Providers & Services,49185.055000
US03213A1043,BMV1Z44,Amplitude Inc Class A,USD,6342,0.005329,United States,8.840,Information Technology,Software,48995.656000
US75943R1023,BN2R582,Relay Therapeutics Inc.,USD,3003,0.005324,United States,18.650,Health Care,Biotechnology,48945.550000
US45676K1034,BT3F5M1,Infleqtion Inc.,USD,4508,0.005275,United States,12.310,Information Technology,Technology Hardware Storage & Peripherals,48497.690000
US4510511060,BNZD2W0,Ibotta Inc. Class A,USD,1551,0.005244,United States,35.570,Communication Services,Media,48214.170000
US34631F1021,BV9C843,Forgent Power Solutions Inc. Class A,USD,1165,0.005190,United States,46.860,Industrials,Electrical Equipment,47709.766000
US92337R1014,BL55460,Vera Therapeutics Inc. Class A,USD,1322,0.005178,United States,41.200,Health Care,Biotechnology,47600.090000
US02081G2012,BD60BG7,Alphatec Holdings Inc.,USD,6092,0.005166,United States,8.920,Health Care,Health Care Equipment & Supplies,47490.180000
US6700024010,BJDQXG4,Novavax Inc.,USD,5567,0.005155,United States,9.740,Health Care,Biotechnology,47387.000000
US5149521008,BLD7424,LandBridge Company LLC Class A,USD,733,0.005139,United States,73.750,Real Estate,Real Estate Management & Development,47243.830000
US30260D1037,BMXXBD9,FIGS Inc. Class A,USD,5275,0.005010,United States,9.990,Consumer Discretionary,Textiles Apparel & Luxury Goods,46053.960000
US35834F1049,BSKPBK7,T1 Energy Inc.,USD,6107,0.004969,United States,8.560,Information Technology,Semiconductors & Semiconductor Equipment,45685.750000
US83089J1088,BMDXB06,SkyWater Technology Inc,USD,1524,0.004961,United States,34.240,Information Technology,Semiconductors & Semiconductor Equipment,45603.460000
US1572101053,2986937,CEVA Inc.,USD,1280,0.004918,United States,40.420,Information Technology,Semiconductors & Semiconductor Equipment,45215.290000
US9229671048,BWRNHH1,Veradermics Incorporated,USD,398,0.004909,United States,129.740,Health Care,Pharmaceuticals,45126.957000
US5322061095,BSLSTH8,Life360 Inc.,USD,880,0.004828,United States,57.710,Information Technology,Software,44382.605000
US67576A1007,BNZB1X8,Ocular Therapeutix Inc,USD,5264,0.004824,United States,9.640,Health Care,Pharmaceuticals,44347.790000
US71535D1063,BJQ0608,Personalis Inc.,USD,3718,0.004814,United States,13.620,Health Care,Life Sciences Tools & Services,44255.330000
US04335A1051,BDZ30Q0,Arvinas Inc.,USD,6020,0.004801,United States,8.390,Health Care,Pharmaceuticals,44140.530000
US0223071020,BPLQG36,Alumis Inc.,USD,1896,0.004776,United States,26.500,Health Care,Pharmaceuticals,43909.980000
US00773J2024,BQBBDY8,Spyre Therapeutics Inc,USD,580,0.004776,United States,86.630,Health Care,Biotechnology,43911.207000
US45569U1016,BP4W0C8,indie Semiconductor Inc. Class A,USD,11604,0.004776,United States,4.330,Information Technology,Semiconductors & Semiconductor Equipment,43911.137000
US29337E1029,BMFD115,Enliven Therapeutics Inc.,USD,999,0.004731,United States,49.820,Health Care,Pharmaceuticals,43495.900000
US50180M1080,BVLDP87,LB Pharmaceuticals Inc.,USD,1486,0.004722,United States,33.430,Health Care,Pharmaceuticals,43414.445000
US09681N1063,BV9C5G4,Bob's Discount Furniture Inc.,USD,3027,0.004716,United States,16.390,Consumer Discretionary,Specialty Retail,43358.117000
US97785W1062,BVBFJH0,Wolfspeed Inc,USD,1236,0.004700,United States,40.000,Information Technology,Semiconductors & Semiconductor Equipment,43207.340000
US3493811034,BVLD6Y0,Figure Technology Solutions Inc. Class A,USD,1456,0.004694,United States,33.910,Financials,Consumer Finance,43148.754000
US5787841007,BSRK699,Maze Therapeutics Inc.,USD,1551,0.004609,United States,31.260,Health Care,Pharmaceuticals,42372.086000
US65345M1080,BMFPWT6,Nextdoor Holdings Inc. Class A,USD,21017,0.004575,United States,2.290,Communication Services,Interactive Media & Services,42061.550000
SG9999014716,BYZG9R0,Wave Life Sciences Ltd.,USD,7627,0.004539,United States,6.260,Health Care,Pharmaceuticals,41726.040000
US3845561063,2380904,Graham Corporation,USD,408,0.004477,United States,115.420,Industrials,Machinery,41154.780000
US6876041087,BKVF0J2,Oruka Therapeutics Inc.,USD,549,0.004447,United States,85.210,Health Care,Biotechnology,40882.926000
US4859241048,BTRFVH4,Karman Holdings Inc.,USD,829,0.004442,United States,56.370,Industrials,Aerospace & Defense,40839.613000
US8523123052,2836292,STAAR Surgical Company,USD,1671,0.004414,United States,27.790,Health Care,Health Care Equipment & Supplies,40582.996000
US5207761058,2508126,Distribution Solutions Group Inc.,USD,1705,0.004409,United States,27.200,Industrials,Trading Companies & Distributors,40529.605000
US09058V1035,2100362,BioCryst Pharmaceuticals Inc.,USD,4709,0.004405,United States,9.840,Health Care,Biotechnology,40495.137000
US87583X1090,BP2P6L0,Tango Therapeutics Inc.,USD,1524,0.004268,United States,29.460,Health Care,Biotechnology,39237.086000
US4333131039,BV99FG5,Hinge Health Inc. Class A,USD,528,0.004219,United States,84.050,Health Care,Health Care Providers & Services,38783.832000
US00246W1036,2247979,AXT Inc.,USD,769,0.004139,United States,56.620,Information Technology,Semiconductors & Semiconductor Equipment,38051.805000
US83422N1054,BMG79C3,Solid Power Inc. Class A,USD,17018,0.004077,United States,2.520,Consumer Discretionary,Automobile Components,37479.010000
US8361001071,BLDBS68,SoundHound AI Inc Class A,USD,6519,0.004059,United States,6.550,Information Technology,Software,37316.540000
KYG8807B1068,BMNDK09,Theravance Biopharma Inc,USD,2513,0.004044,United States,16.930,Health Care,Pharmaceuticals,37181.637000
US90400D1081,BJ62Z18,Ultragenyx Pharmaceutical Inc.,USD,1270,0.004041,United States,33.470,Health Care,Biotechnology,37148.260000
US30233G2093,BMGS7L1,EyePoint Inc.,USD,3032,0.004029,United States,13.980,Health Care,Pharmaceuticals,37043.790000
US00650F1093,BJ5FZ74,Adaptive Biotechnologies Corp.,USD,1997,0.004023,United States,21.190,Health Care,Life Sciences Tools & Services,36981.805000
US23284F1057,BYWVTY5,CytomX Therapeutics Inc.,USD,11028,0.004005,United States,3.820,Health Care,Biotechnology,36816.220000
US0080642061,BVDFZW5,Jade Biosciences Inc.,USD,1958,0.004004,United States,21.510,Health Care,Biotechnology,36807.150000
NL0010696654,BJFSR88,uniQure N.V.,USD,1002,0.003983,United States,41.810,Health Care,Biotechnology,36612.297000
US8294011080,BQKXDX4,Sionna Therapeutics Inc.,USD,950,0.003973,United States,43.990,Health Care,Biotechnology,36522.176000
US03589W1027,BMVV9R5,Annexon Inc.,USD,7587,0.003938,United States,5.460,Health Care,Biotechnology,36202.766000
US0773472016,2279886,Bel Fuse Inc. Class A,USD,178,0.003895,United States,230.160,Information Technology,Electronic Equipment Instruments & Components,35803.785000
US68062P1066,BMZ4LN0,Olema Pharmaceuticals Inc.,USD,3214,0.003862,United States,12.640,Health Care,Biotechnology,35503.570000
US7332451043,BNGJQZ8,Porch Group Inc.,USD,2671,0.003857,United States,15.190,Information Technology,Software,35457.710000
US89532M1018,BJH9ZN0,Trevi Therapeutics Inc.,USD,2260,0.003852,United States,17.930,Health Care,Pharmaceuticals,35413.414000
KYG651631007,BMCRLL0,Joby Aviation Inc.,USD,4765,0.003846,United States,8.490,Industrials,Airlines,35354.902000
US0554771032,BQB42F1,Bicara Therapeutics Inc.,USD,1394,0.003843,United States,29.000,Health Care,Biotechnology,35329.688000
US89422G1076,BLFGJD5,Travere Therapeutics Inc.,USD,707,0.003826,United States,56.920,Health Care,Biotechnology,35169.270000
US4532041096,BYYGJZ9,Impinj Inc.,USD,284,0.003822,United States,141.580,Information Technology,Semiconductors & Semiconductor Equipment,35139.805000
US09062W2044,BJH08B2,BioLife Solutions Inc.,USD,1412,0.003773,United States,28.110,Health Care,Life Sciences Tools & Services,34687.630000
US68236H2040,BMD2S79,Ondas Inc.,USD,5354,0.003771,United States,7.410,Information Technology,Communications Equipment,34671.740000
US59516C1062,BN7DTZ0,Microvast Holdings Inc.,USD,35315,0.003760,United States,1.120,Industrials,Machinery,34566.570000
US35953C1062,BPSJQ05,FTAI Infrastructure Incorporation,USD,8804,0.003716,United States,4.440,Industrials,Ground Transportation,34161.906000
US86150R1077,BJQ05Z6,Stoke Therapeutics Inc.,USD,1183,0.003677,United States,32.700,Health Care,Biotechnology,33807.387000
US6047491013,BJDX8Y8,Mirum Pharmaceuticals Inc.,USD,307,0.003665,United States,125.590,Health Care,Biotechnology,33695.547000
US6793691089,BNKJ933,Olaplex Holdings Inc.,USD,18228,0.003587,United States,2.070,Consumer Staples,Personal Care Products,32975.273000
US3168411052,BSML6T7,Figma Inc. Class A,USD,1747,0.003544,United States,21.340,Information Technology,Software,32581.148000
US87507T1016,BRT7YG4,Tamboran Resources Corporation,USD,1192,0.003505,United States,30.930,Energy,Oil Gas & Consumable Fuels,32220.720000
US0301112076,BWH64F7,American Superconductor Corporation,USD,981,0.003461,United States,37.110,Industrials,Electrical Equipment,31815.521000
US76243J1051,BF2YWG4,Rhythm Pharmaceuticals Inc.,USD,317,0.003440,United States,114.170,Health Care,Biotechnology,31629.355000
US04272N1028,BMGTLY5,ArriVent BioPharma Inc.,USD,1037,0.003418,United States,34.670,Health Care,Biotechnology,31420.395000
US05463X1063,B7254K9,Axogen Inc.,USD,776,0.003385,United States,45.890,Health Care,Health Care Equipment & Supplies,31121.379000
US69376K1060,BLB56T1,Ridgepost Capital Inc. Class A,USD,4428,0.003296,United States,7.830,Financials,Capital Markets,30300.406000
US8200144058,BQ71Y50,Sharplink Inc.,USD,6421,0.003241,United States,5.310,Consumer Discretionary,Hotels Restaurants & Leisure,29797.254000
US85914M1071,BLFDXF6,StepStone Group Inc. Class A,USD,829,0.003241,United States,41.130,Financials,Capital Markets,29798.357000
US8257041090,BZ0WN34,SI-BONE Inc.,USD,1980,0.003220,United States,17.110,Health Care,Health Care Equipment & Supplies,29606.992000
US78475V1035,BWTRBN5,SOLV Energy Inc Class A,USD,1105,0.003199,United States,30.450,Industrials,Construction & Engineering,29405.506000
US4576422053,2226741,Innodata Inc.,USD,488,0.003195,United States,68.880,Industrials,Professional Services,29375.957000
US6979471090,BTCG280,Palvella Therapeutics Inc.,USD,229,0.003195,United States,146.760,Health Care,Biotechnology,29371.238000
US31816X1063,BPK4SR9,Firefly Aerospace Inc.,USD,1148,0.003154,United States,28.900,Industrials,Aerospace & Defense,28994.713000
US00218A1051,BPBJFJ4,ASP Isotopes Inc.,USD,5892,0.003153,United States,5.630,Materials,Chemicals,28990.133000
CA87261Y1060,BP80TY3,TMC the metals company Inc.,USD,7757,0.003119,United States,4.230,Materials,Metals & Mining,28675.646000
US05464T1043,BYZR4X4,Axsome Therapeutics Inc.,USD,134,0.003112,United States,244.310,Health Care,Pharmaceuticals,28610.479000
US74276L1052,BMYRFV6,PROCEPT BioRobotics Corp.,USD,1547,0.003093,United States,21.030,Health Care,Health Care Equipment & Supplies,28432.080000
US14070B3096,BK7Y2Z3,Capricor Therapeutics Inc.,USD,1401,0.003091,United States,23.210,Health Care,Biotechnology,28417.922000
US65487K1007,BFZP4R9,nLIGHT Inc.,USD,490,0.002946,United States,63.250,Information Technology,Electronic Equipment Instruments & Components,27085.426000
US03969K1088,BKX9VD3,Arcutis Biotherapeutics Inc,USD,1188,0.002915,United States,25.810,Health Care,Biotechnology,26796.836000
US00760J1088,2096977,Aehr Test Systems,USD,435,0.002893,United States,69.960,Information Technology,Semiconductors & Semiconductor Equipment,26596.111000
US01644J1088,BMHR7L7,Alkami Technology Inc,USD,1595,0.002884,United States,19.020,Information Technology,Software,26512.477000
US63942X1063,BMGMH68,Navitas Semiconductor Corporation,USD,2078,0.002856,United States,14.460,Information Technology,Semiconductors & Semiconductor Equipment,26259.889000
US3789735079,BRJMM32,Globalstar Inc.,USD,367,0.002805,United States,80.390,Communication Services,Diversified Telecommunication Services,25783.813000
US72703X1063,BM8JV32,Planet Labs PBC Class A,USD,938,0.002798,United States,31.380,Industrials,Professional Services,25723.783000
NL00150012L7,BP8JSP4,NewAmsterdam Pharma Company N.V.,USD,842,0.002788,United States,34.830,Health Care,Biotechnology,25629.768000
US50127T1097,BYZD465,Kura Oncology Inc.,USD,2611,0.002755,United States,11.100,Health Care,Biotechnology,25328.467000
US8776191061,BNC1BX1,Taysha Gene Therapies Inc.,USD,4431,0.002751,United States,6.530,Health Care,Biotechnology,25286.807000
US44862P2083,BS70KX1,Hycroft Mining Holding Corporation Class A,USD,1224,0.002748,United States,23.620,Materials,Metals & Mining,25266.227000
US00258Y1047,BRK3GP4,Abacus Global Management Inc. Class A,USD,2434,0.002744,United States,11.860,Financials,Insurance,25228.086000
US80706P1030,BFZQ0L8,Scholar Rock Holding Corp.,USD,515,0.002687,United States,54.880,Health Care,Biotechnology,24700.197000
US46266A1097,BP4GNJ8,IRadimed Corp.,USD,279,0.002678,United States,100.970,Health Care,Health Care Equipment & Supplies,24619.295000
US87650L1035,BMH5RL1,Tarsus Pharmaceuticals Inc.,USD,430,0.002675,United States,65.440,Health Care,Pharmaceuticals,24591.828000
US67080N1019,BLNB9R6,Nuvation Bio Inc. Class A,USD,4912,0.002662,United States,5.700,Health Care,Pharmaceuticals,24468.777000
US22658D1000,BMXDS27,Cricut Inc. Class A,USD,6234,0.002643,United States,4.460,Consumer Discretionary,Household Durables,24298.570000
US5012701026,BKDV6G7,Kura Sushi USA Inc. Class A,USD,469,0.002568,United States,57.610,Consumer Discretionary,Hotels Restaurants & Leisure,23612.926000
US7655041058,BNV0DF5,Richtech Robotics Inc. Class B,USD,13782,0.002568,United States,1.960,Industrials,Machinery,23607.357000
US59356Q1085,BRT7Y75,Miami International Holdings Inc.,USD,634,0.002461,United States,40.840,Financials,Capital Markets,22628.410000
US3741631036,2370381,Geron Corporation,USD,19011,0.002458,United States,1.360,Health Care,Biotechnology,22595.550000
US21874A1060,BN70TG2,Core Scientific Inc,USD,1204,0.002453,United States,21.430,Information Technology,Software,22549.023000
US05614L2097,BKDWYT9,Babcock & Wilcox Enterprises Inc,USD,2140,0.002388,United States,11.740,Industrials,Electrical Equipment,21956.389000
US68622P1093,BKVDFF7,Oric Pharmaceuticals Inc.,USD,2158,0.002388,United States,11.640,Health Care,Biotechnology,21952.475000
KY61559X1045,BNG3F86,MoonLake Immunotherapeutics Class A,USD,1313,0.002365,United States,18.950,Health Care,Biotechnology,21744.680000
US88556E1029,BMFPHK2,thredUP Inc. Class A,USD,3490,0.002332,United States,7.030,Consumer Discretionary,Specialty Retail,21441.729000
US36322Q2066,BSY4V44,Damora Therapeutics Inc.,USD,813,0.002317,United States,29.980,Health Care,Biotechnology,21301.060000
US61225M1027,BP7KZP7,Monte Rosa Therapeutics Inc.,USD,997,0.002295,United States,24.210,Health Care,Biotechnology,21094.488000
US92892B1035,BQMJ1G9,Voyager Technologies Inc. Class A,USD,698,0.002271,United States,34.220,Industrials,Aerospace & Defense,20874.424000
US75644T1007,BJBLT85,Red Cat Holdings Inc,USD,2274,0.002257,United States,10.440,Industrials,Aerospace & Defense,20747.701000
US76134H1014,BTJWV40,Resolute Holdings Management Inc.,USD,154,0.002172,United States,148.340,Industrials,Professional Services,19964.482000
US98985Y1082,BPCQZY9,Zymeworks Inc.,USD,862,0.002156,United States,26.310,Health Care,Biotechnology,19820.160000
US42238D1072,BV6KV30,HeartFlow Inc.,USD,786,0.002090,United States,27.965,Health Care,Health Care Technology,19209.518000
US3994732069,BMTD360,Groupon Inc.,USD,856,0.002082,United States,25.580,Consumer Discretionary,Broadline Retail,19136.096000
US5309093087,BW9HRR1,Liberty Live Holdings Inc. Series -C-,USD,202,0.002074,United States,108.000,Consumer Discretionary,Diversified Consumer Services,19065.764000
US04650F1012,BWJDYK1,AtaiBeckley Inc.,USD,4189,0.002067,United States,5.190,Health Care,Pharmaceuticals,19000.139000
US87164F1057,BN7Q7R7,Syndax Pharmaceuticals Inc,USD,960,0.001991,United States,21.820,Health Care,Biotechnology,18306.488000
VGG312491084,BYVR2D4,Establishment Labs Holdings Inc.,USD,228,0.001934,United States,89.250,Health Care,Health Care Equipment & Supplies,17783.701000
US98422E1038,BLR7H87,Xeris Biopharma Holdings Inc.,USD,2451,0.001929,United States,8.280,Health Care,Pharmaceuticals,17735.877000
US7995661045,BMFJJ97,Sana Biotechnology Inc.,USD,4993,0.001903,United States,4.010,Health Care,Biotechnology,17497.863000
KYG008941083,BVPDLS5,Accelerant Holdings Class A,USD,1398,0.001830,United States,13.770,Financials,Insurance,16823.648000
US46578C1080,BPF0KH6,Ivanhoe Electric Inc.,USD,1998,0.001806,United States,9.510,Materials,Metals & Mining,16605.620000
US0396971071,BN89V40,Ardelyx Inc.,USD,3466,0.001736,United States,5.270,Health Care,Biotechnology,15963.137000
US74168J1016,BPBJFM7,Prime Medicine Inc.,USD,4568,0.001681,United States,3.870,Health Care,Biotechnology,15449.560000
US2935941078,BNNTCT7,Enovix Corporation,USD,3088,0.001573,United States,5.360,Industrials,Electrical Equipment,14465.091000
CA89621C1059,BD89HT7,Trilogy Metals Inc.,USD,4848,0.001572,United States,3.410,Materials,Metals & Mining,14447.612000
BMG524411052,BSJQPL0,Kestra Medical Technologies Ltd.,USD,611,0.001567,United States,26.980,Health Care,Health Care Equipment & Supplies,14406.624000
US8051111016,BYXGN81,Savara Inc.,USD,2649,0.001566,United States,6.220,Health Care,Biotechnology,14399.632000
CA03879J1003,BZ0QMB7,Arbutus Biopharma Corporation,USD,3232,0.001496,United States,4.870,Health Care,Biotechnology,13755.594000
US81642T2096,BG0WPH9,SELLAS Life Sciences Group Inc.,USD,1040,0.001481,United States,14.980,Health Care,Biotechnology,13615.206000
US65250K1051,BT9TQK2,Newsmax Inc. Class B,USD,1719,0.001469,United States,8.990,Communication Services,Media,13505.623000
US78574H1041,BNM6GH5,Sable Offshore Corp.,USD,3568,0.001442,United States,4.250,Energy,Oil Gas & Consumable Fuels,13252.348000
VGG1110E1079,BPLZ7S5,Biohaven Ltd.,USD,932,0.001414,United States,15.960,Health Care,Biotechnology,12999.537000
US03214Q1085,BPSKN52,Amprius Technologies Inc,USD,1160,0.001365,United States,12.380,Industrials,Electrical Equipment,12550.404000
US6821431029,B4NB858,Omeros Corporation,USD,1539,0.001358,United States,9.280,Health Care,Pharmaceuticals,12481.467000
US90240B1061,BMVNDH9,Tyra Bioscience Inc,USD,462,0.001345,United States,30.620,Health Care,Biotechnology,12363.067000
US0464332073,2613848,Astronics Corporation Class B,USD,187,0.001253,United States,70.500,Industrials,Aerospace & Defense,11521.520500
US0477261046,BRF2GC3,Atlanta Braves Holdings Inc Class A,USD,223,0.001221,United States,57.610,Communication Services,Entertainment,11227.468000
US81758H1068,BPBJW48,Serve Robotics Inc,USD,1955,0.001173,United States,6.310,Consumer Discretionary,Hotels Restaurants & Leisure,10780.903000
US29280W1099,BNYF0L2,Energy Vault Holdings Inc.,USD,3035,0.001166,United States,4.040,Industrials,Electrical Equipment,10715.665000
US20454B1044,BMF7DQ6,Compass Therapeutics Inc.,USD,5380,0.001161,United States,2.270,Health Care,Biotechnology,10673.017000
US50015M1099,BFXC933,Kodiak Sciences Inc.,USD,317,0.001161,United States,38.540,Health Care,Biotechnology,10677.020000
US81734D1046,BQNKXX2,Septerna Inc.,USD,357,0.001154,United States,34.000,Health Care,Pharmaceuticals,10607.821000
US64119N6085,BQT3J26,Netskope Inc. Class A,USD,1035,0.001152,United States,11.710,Information Technology,Software,10591.959000
US04342Y1047,BLFDQC4,Asana Inc. Class A,USD,1622,0.001132,United States,7.340,Information Technology,Software,10404.614000
US30049H1023,BP48CK8,Evolv Technologies Holdings Inc.,USD,1885,0.001118,United States,6.240,Information Technology,Electronic Equipment Instruments & Components,10279.571000
US98937L1052,BQB42H3,Zenas BioPharma Inc.,USD,409,0.001059,United States,27.230,Health Care,Biotechnology,9733.073000
US4158581094,BHNDW86,Harrow Inc.,USD,258,0.001048,United States,42.740,Health Care,Pharmaceuticals,9636.811000
US91733P1075,BSBGKF7,USA Rare Earth Inc. Class A,USD,531,0.000967,United States,19.150,Materials,Metals & Mining,8886.738000
US2210151005,BYP80F1,Corvus Pharmaceuticals Inc.,USD,646,0.000935,United States,15.230,Health Care,Biotechnology,8598.277000
US09263B2079,BSQNQM2,BlackSky Technology Inc Class A,USD,343,0.000909,United States,27.880,Industrials,Professional Services,8357.299000
US6837121291,BLGXLN9,Opendoor Technologies Inc Warrant 2025-20.11.26 on Opendoor Tech Series K,USD,19948,0.000877,United States,0.463,Real Estate,Real Estate Management & Development,8064.622600
US03782L1017,BYPBTB9,Appian Corporation Class A,USD,339,0.000786,United States,24.400,Information Technology,Software,7228.839400
US10806X1028,BK1KWG8,BridgeBio Pharma Inc.,USD,102,0.000748,United States,77.190,Health Care,Biotechnology,6880.822300
IL0011407140,BZ7PJQ1,UroGen Pharma Ltd.,USD,207,0.000748,United States,38.020,Health Care,Biotechnology,6877.990000
US65342K1051,BYX38K9,NextDecade Corp.,USD,936,0.000674,United States,7.580,Energy,Oil Gas & Consumable Fuels,6200.463000
US64073B1035,BRWFZV7,Neptune Insurance Holdings Inc. Class A,USD,205,0.000647,United States,33.220,Financials,Insurance,5951.584000
US22890A3023,BSLSGW2,Eightco Holdings Inc.,USD,9442,0.000636,United States,0.709,Consumer Discretionary,Broadline Retail,5851.275400
US82835W1080,BMCR7V2,ARS Pharmaceuticals Inc.,USD,722,0.000588,United States,8.560,Health Care,Biotechnology,5401.197300
US53635D2027,BYVJ8J8,Liquidia Corporation,USD,77,0.000578,United States,78.930,Health Care,Pharmaceuticals,5311.435500
US91678A1079,BRCFFK6,Upstream Bio Inc.,USD,810,0.000578,United States,7.510,Health Care,Biotechnology,5316.233400
US46125A1007,BNHTR54,Intuitive Machines Inc. Class A,USD,298,0.000555,United States,19.580,Industrials,Aerospace & Defense,5099.270000
US6837121374,BLGXD77,Opendoor Technologies Inc Warrant 2025-20.11.26 on Opendoor Tech Series A,USD,19948,0.000503,United States,0.265,Real Estate,Real Estate Management & Development,4619.812000
US5322751042,B01Y8Q2,Lightwave Logic Inc.,USD,693,0.000485,United States,7.365,Information Technology,Electronic Equipment Instruments & Components,4460.515000
US78137L1052,BMGCGK5,RUM Group Inc. Class A,USD,797,0.000467,United States,6.160,Communication Services,Interactive Media & Services,4290.600600
US6837121457,BSD7M74,Opendoor Technologies Inc Warrant 2025-20.11.26 on Opendoor Tech Serires Z,USD,19948,0.000451,United States,0.238,Real Estate,Real Estate Management & Development,4149.114300
US45256X1037,BNSP0B8,ImmunityBio Inc,USD,483,0.000433,United States,9.440,Health Care,Biotechnology,3984.723400
US30054Y1073,BT3CT08,Evommune Inc.,USD,344,0.000424,United States,12.960,Health Care,Biotechnology,3896.211400
US23282W6057,BBBSBJ5,Cytokinetics Incorporated,USD,43,0.000354,United States,86.490,Health Care,Biotechnology,3250.224900
US9115491030,2910668,United States Antimony Corporation,USD,492,0.000348,United States,7.430,Materials,Metals & Mining,3194.721200
US39854F1012,BP4XXM2,Grindr Inc.,USD,207,0.000316,United States,16.060,Communication Services,Interactive Media & Services,2905.326700
US04302A1043,BMG97J2,Arteris Inc.,USD,92,0.000307,United States,35.060,Information Technology,Software,2818.894500
US08774B5084,BTCK798,Better Home & Finance Holding Company Class A,USD,111,0.000302,United States,28.600,Financials,Financial Services,2774.393600
US0327241065,BDRW1L7,AnaptysBio Inc.,USD,48,0.000289,United States,63.420,Health Care,Biotechnology,2660.397500
KYG596651029,BFYQFJ2,MeiraGTx Holdings Plc,USD,207,0.000274,United States,13.920,Health Care,Biotechnology,2518.191000
US15102K1007,BDH6M05,Celcuity Inc.,USD,25,0.000257,United States,107.950,Health Care,Biotechnology,2358.531500
US74623V1035,BLNB073,PureCycle Technologies Inc,USD,339,0.000245,United States,7.610,Materials,Chemicals,2254.568400
US80401C1009,BT8QHD4,Satellogic Inc. Class A,USD,450,0.000232,United States,5.430,Industrials,Aerospace & Defense,2135.459700
US74587B1017,BD02SG8,Pulse Biosciences Inc.,USD,72,0.000200,United States,29.205,Health Care,Health Care Equipment & Supplies,1837.675300
US29970N1046,BNDBK99,Eve Holding Inc.,USD,795,0.000196,United States,2.600,Industrials,Aerospace & Defense,1806.423300
US74017N1054,BKM5C84,Precigen Inc,USD,366,0.000196,United States,5.640,Health Care,Biotechnology,1804.011400
US71722W1071,BJLKVS6,Phathom Pharmaceuticals Inc.,USD,128,0.000136,United States,11.200,Health Care,Pharmaceuticals,1252.873000
US9470021018,BVLJR34,Wealthfront Corporation,USD,129,0.000112,United States,9.140,Financials,Capital Markets,1030.421600
US00835Q2021,BSB8D21,Aeva Technologies Inc.,USD,48,0.000109,United States,23.980,Information Technology,Electronic Equipment Instruments & Components,1005.933960
Unassigned,Unassigned,CONTRA AKERO THERAPEUT,USD,1659,0.000103,United States,0.650,Unassigned,Unassigned,942.407650
US5309091008,BVV5T25,Liberty Live Holdings Inc. Registered Series -A-,USD,9,0.000089,United States,104.110,Consumer Discretionary,Diversified Consumer Services,818.868200
US29415C1018,BN7KCQ3,Eos Energy Enterprises Inc. Class A,USD,174,0.000087,United States,5.230,Industrials,Electrical Equipment,795.298160
US65345N1063,BNTCBL5,NextNav Inc.,USD,40,0.000062,United States,16.280,Information Technology,Software,569.106400
Unassigned,Unassigned,CONTRA MIRATI THERAPEU,USD,586,0.000039,United States,0.700,Unassigned,Unassigned,358.488070
US45720N1037,BNSP8K3,Inhibrx Biosciences Inc.,USD,4,0.000037,United States,97.580,Health Care,Biotechnology,341.114260
Unassigned,Unassigned,CONTRA APELLIS PHARMAC,USD,1535,0.000004,United States,0.030,Unassigned,Unassigned,40.244700
Unassigned,Unassigned,CONTRA ARCELLX INC,USD,337,0.000002,United States,0.070,Unassigned,Unassigned,20.616123
Unassigned,Unassigned,1RTY SEP26,USD,12,-,None,150710.000,Unassigned,Unassigned,1580528.600000
Unassigned,Unassigned,Euro,EUR,5831,-,European Union,1.000,Unassigned,Unassigned,5830.990000
Unassigned,Unassigned,U.S. Dollar,USD,1837232,-,United States,1.000,Unassigned,Unassigned,1605620.900000
Unassigned,Unassigned,EOS ENERGY ENTERPRISES,USD,174,0.000000,United States,0.000,Unassigned,Unassigned,0.000152
Unassigned,Unassigned,OMNIAB INC,USD,243,0.000000,United States,0.000,Unassigned,Unassigned,0.000212
Unassigned,Unassigned,OMNIAB INC,USD,243,0.000000,United States,0.000,Unassigned,Unassigned,0.000212